VideoID,label
0,b4f8 a6a8 b1c3 e8d7 a3a1
1,b3b2 d1c3 b2d2 b6b3 a2b2 f3e2 a3b5 e2f3 b2b3
2,c1d1 d8a8 d1c2 d6c6 b3a3 g4f2 a3c1 h6g5
3,e7e6 b3c3 f5h3 b4a5 f8e7 c3f3
4,a6d6 a1b2 c5c4 c1e1 h8e8 d2e4 c2e4
5,f1d1 g7h5 c5g1 f3a3 d2d4 e7c5 g1e3 e6e5 h3g5
6,h6h5 e7f8 d3f4 d2d1n g2h4 f5b1 f4d3 d6d8 e3e4
7,a3a6 c6d5 e8d6 e2c3 a6a4 d5g2 a4e8
8,f2f4 h7h6 e4e5 e8f8 b3b7
9,c7b7 e4c2 b4c2 e1d1 e7d7 c3c4 b7b6 f1g1 b6f6
10,g7f7 c3f3 h5h4 f3f2 f8d6 f1g1 f7f2 d4d5 f2f5
11,b2c3 f7f5 c1b2 b4b2 d1b1 b2h2
12,f2d3 b5b4 d3f4 g7f8 g5f6 a4a3 d5e4
13,d3c2 b5c4 a3a2 d2g5 a2a3
14,h6f5 d1b1 f5h6 d7d8n h6f5
15,f4f5 c7c6 b1c3 d6g3 h2g3 f7f6 h1h2 h6h5 c4e2
16,h7h6 d3f1 d8d7 f3f6 d7e8 a5c6 c7d7 f6f4 d7d3
17,g5f7 h7h6 f1e2 b3d1 e2e3 d8b8 g3f3 e5f7 f3d1
18,f7e6 d3e2 f8e7 b2e5 e7e8 a4b5
19,e4f3 f8e6 f6g4 g1f1
20,e2f2 f6d6 f2e2 c6b5 f5f8
21,g6h5 e3e4 d8c7 b5f5 e6f5 c2c3
22,d3c4 c3d2 e6f6 g3f3 e8d8 f3h1 f6f3
23,f2f4 h7h5 e1f2 d5d3 f2e1 d3d2
24,c8d7 c1f4 d1c2 h7d7 e8d7 f6g5 g3h1 g5h5 f2f3
25,g1h3 f4f2 h2f2 b8d8 b3a3 d8e8
26,h2h5 c3c8 e6f7 f3e2 h5c5 d2e1 f7f6 c8c7
27,b5b4 c1c5 e6c4 d3c4 g7e8 d2c1 e8f6 c1c2 f6g4
28,a2e2 a5b4 e2h2 c6a7 e3f2 a8d5
29,e6f4 d1g1 h6h8 g1g3 d8d7 d4h8 f4e6 c4c5 e8f7
30,d3e3 f2e4 e1e2 d7c6 f3h2 d8e7 d2b1
31,c3b4 h6g5 a6a5 d6d5 b4b5 f7f6 g2d2 f6g6 a5a4
32,h5h4 c2b4 h4h2 g2h2 c4f1 g7g8
33,a3b4 c5b6 h5g4 c3b4 a8c8
34,c8a8 a2a4 e6d5 e3f4 g2e4 b1e1 f8e7 b2a1 g8h6
35,e2e3 g6e6 c2d3 e6e7 h1h4 a6a8 g3f3 e7h4
36,c6c7 d8e8 a3b5 c5b4 c7d6
37,c6e5 d3c2 e5c6 a6b8 c6e5
38,h8h7 d5e3 d4f5 d1e1 a6b5 c4b5
39,f4f3 b3a2 f1c4 d7e6 d1e1 e6c4 f7d8
40,h8g6 d1b1 g6e7 d7d6 f2e2 e8c8 e2f2 d6e5
41,h6h7 e2e3 e7d5 c6c4 f8d6 e4c5 h7h3 f4h5
42,b1c3 b8c6 h3h4 f8d6 g6f7 g8g7 f3h2 a6a5 c3a4
43,f5c2 g1g3 d7b5 d4d5 h6g5 d1c2 b5a4 d5d6
44,c2c3 f8d6 h1g1 d5e4 d3c2 h7g7 b1b3
45,e2b2 c5d4 b2b3 b8a8 d1d3 a8d8 d3e3
46,c1d2 c7f4 b1c3 f4e3 b5d4 g3e5 b2b4 e5d6 e1e2
47,f1e2 h6g7 b5b8 h5h8 e2f3
48,c5d6 c4e2 e1e2 b7b5 e2f2 a6b4
49,g2f3 d6c4 f1e2 d7d6 b1c1 g4g3 h6h5 f7e7 e2d1
50,b8f8 a5b6 f6c3 b6a5 f8a8 e2e4 d7c6 c4b6 c3g7
51,c3c4 g6g4 c1c3 d7d6 f2f1 g4g2 c3c2 b7f3
52,d3f3 a8c8 h1d1 a7a6 g2h4 f6h5 a3b5 c8d8 d1g1
53,h6h7 e3a7 h7h6 c2c4 b8d8 a7c5
54,g1e1 d8e8 c1d3 g5d2 e1g1 f6f5
55,g5h5 h3f1 h5g5 c1d2 g5g4 h1h2 g8g6 f5f6
56,e8c8 a4c5 d6b7 a5a6 c8h8 f7h8 h2g3
57,b4d2 c8f5 a2b2 h7h6 b2a2 b7b6 d2e1 a8c8
58,h5g6 f3f2 e1d2 d6c5 c2b3 c5d6
59,a6b5 b2a2 b6d6 a1e5 b7a8
60,d4h8 e2e3 a3a7 c7d6
61,d2e1 a6c4 e8d7 c8d8 d7c8 c4d3
62,c2c3 d4b6 f5e4 d5c5 c8g4 b3g8 c1d1 g8c8
63,a1a4 a8a4 g3g4 b5b1 f1e2 a4a3 h2h1 a3a6
64,g4h5 h8e8 c2d3 b8d7 h5h6 e7e5
65,h4h6 g1c1 e7e8 a6c4 a7a5 d4e5 h6h1 c1e1 g4h6
66,d1c1 h8h6 h1g1 f8e7 g5e4 f6g7
67,d6e5 b6c7 b5d7 h3f4 e5g7 f4d5
68,g2e3 a7a6 e3c4 a6b7 f1a1 g7h8 f2e1 d2b3
69,h1h2 a7a6 c2d2 d4e3 d2e1
70,d8a8 b7a8 d3c2 a6a5 c2d1 f6h8
71,g4g5 h6h8 e2e4 f6g6 a6a3 g8f6 h2h4
72,b6a7 h4h5 b7c8 b4a3 a6a5 f8g8 c8a6 f4e2 a6b7
73,f6d5 e1e3 g8d8 h4f6 b6b5 a1a2
74,f6h8 e3g1 f7f1 c1d2 f1d1 d2d1 b5b3 d6f7 h8h7
75,d5f3 b2g2 f3d1 d4d1 f8c8
76,e5b2 a6a5 c1d2 f8e7 b2g7
77,d1c3 g4g3 d3f1 c5b7 c3b1 b7d6
78,d2c3 f1h1 c3b4 e7e6
79,c8b7 c1c2 a6b4 c2d2 g8b8 a1h1 e5c3
80,h4h2 g8h6 h2g2 f8d6 e1f1 h6g8 f1g1
81,d4d3 h8h2 d1f3 h2h5 f3f2 h5h3
82,b3b7 f3h4 g6f7 h4g2 g7g6 e1e3 b7b3 e3e2
83,d3d2 g5f4 h3g3 f4g3 e1d1 f7f6 h4h5 g8h6
84,f6e4 h2b2 d4b3 b2c2 e4g5 c2g2 g4f4
85,e1d1 e2f1r g3g4 f1f2 d1e1 g8e7 c5c6 d5c5 g1e2
86,e3c1 b4a6 c1f4 b8c8 e1f2
87,f2e2 a4a3 h2h4 b7b6 e2f2 c1f4 f1g2 a3a2
88,c3d5 a7a8 h3h4 h1g3 f4b8 e4d3 b8e5 e8f7
89,a6d3 d1d3 e6d4 f6h7 c7c5
90,c6e5 a1c3 b7a8 c3a1 g4h4 h1b7 e8c8 g1h1
91,d3d4 d6d5 d4e5 d5e6 h7h6 e6d5 h6g5 d8e8
92,f8d6 b5d4 d6c7 h1h4
93,c6b4 d5e4 f7f6 g2g4 b4a6 f1h3 b6b5 c1g5
94,c2d2 h8g7 e3e7 g7h8 e7b7 b5e2 f4f1 e2f3
95,d3b5 c5e7 b8f4 a8b8 b5a4 e8f8 e1d1 h8h6 g1f3
96,g6g5 h7g8q g5h5 e5b8 e7d5
97,g7f8 g1g2 g5g4 c2d2 e5d4
98,d6g6 c2d1 c7b7 h1g3 b7a6 d1d2 g6f6 a2b4 a5b4
99,b8a8 g6e5 f5f4 d6c5 f4f7 b3b2 f7f5 f1e2 f5f2
100,e5e6 b4a3 a7h7 b5b3 h2g1 b3b1 g1f2 b1g1 h7d7
101,c6c4 h3h6 d4f5 e7d7 f5h6 d7c7 g4f5
102,f4d3 g7e7 g4e4 e7e6 d3b4 g5g4 b4d3
103,e7b4 g8h8 a3c2 a7a6 c1d2
104,c5d5 d7c7 d5e5 h5g4 d1g4
105,g4h5 d7b8 f2f3 f6e4
106,f2d3 b1a3 d3f2 a6b4 c5a7
107,a5a6 b8b7 d1e2 e8f7
108,a5a6 d6c5 b2b3 e8b8 d3c4 d4b5 e5e8 b8e8 b3b4
109,b6a6 b2b5 c8g4 b5b6 g4h5 b6b8 a6e6 d3d4 h5h2
110,e4e5 g6f5 e1d1 f5f3 g2f3 c6a5 c2c4
111,c4b3 e1e2 d7c8 e2e3 a6c6 a2e2 c6c5 e3d2
112,g3e4 b3h3 e4g5 g1f1 g7e5
113,b5a7 g5h4 g2c6 a6b7 e1d1 f6f5 a1a3
114,d7b5 e2e1 b5a4 h7h2
115,b6d6 b1c3 a7a6 a2a3 b7b5 c3a2
116,g8f8 h4h5 h6g4 g2e2 a8b6 a7b5
117,e8d7 b1d2 h8g8 d1c1 a6b5 a5a4
118,a1b2 e1e2 h6g5 e2e1 c8d8 f1e2 b2c1
119,e3f3 h7e7 e2e3 e7e5 g1f1 d7c6 e3e4
120,h5e8 b8b4 h6f8 b4b8
121,f3a3 c4c3 g2h3 h6g4 a3a2 a1b1 a2a5 b1b3
122,h5g7 c8h8 b2c1 h8e8 f3f4 e5d5 c2d1
123,f2e2 e1h4 e2f1 g8h7 d8b8 b3c2 e3b3
124,c4b3 c2a1 f7e8 d2d4 f6f5 b4c5 a7a6
125,h1g1 e5e4 h2h3 f3e3 g1h1 e7f5 b3b5 e3f2 a1b2
126,a2a4 c8a8 g2g4 a8e8 a4a1 c5a7
127,d2f3 b5c6 g2h1 c6f3 a3c3 f3g4
128,g6e8 h5f5 g4f3 f5f6 a8a7 f6h6 a7b7 h6e6 f3e4
129,d8b8 e2d1 d5d4 g5g6 c7c8
130,d7e5 b1a3 e5c6 d1c2 a6a5 c2d1
131,d8h4 c1d2 d7d6 e2e3 h4h5 d5c6 d6c5
132,a7a6 b2b4 d7e8 g5g6 d5b4 e1h4 a6a5
133,c3a3 e2d2 a8b8 d3e1 a3g3
134,d4f3 e4d5 c7c5 b7a5 g7g4 h4h2 f3d4 c4c1
135,d5b3 d8e8 h8f6 c7g7 b3d5 d4b3 d2c1r
136,c8d7 h4f3 c7e6 f3g1 e6f4 d2e1
137,g4h4 e4d5 b7a8 g2f1 c5d6 d5d1 a8d5
138,f1e1 f3f1 e1d2 h8h5 g6a6 f1d3 d2c1 h5h7 a6a4
139,d6c7 g4g7 c7b6 a1h1 h7h2 h1e1 h2h8 e1a1 h8h5
140,d1c2 e6a6 h2f4 a2b4 c2d1 e7g8 d1d2
141,c5d7 d1b2 e5d4 c6d7 d4g1
142,f4e5 f1h1 a6a5 d3d4 a8a6 b4a5
143,g1e2 c3b4 h8e8 e5d4 d6d8
144,b8c7 f5c8
145,d4c3 a3c1 h5h4 e3e5 g8f6 e5e4 g7g8 c1a3 f8h6
146,g1g2 f3e2 h7h8 d4d2 g7f6
147,e1d2 f6g7 f1h2 g8f6 a4d1 g7f8 c8h3 h8g8 h2f1
148,b5d3 g7h6 g5g6 a6c5 g6f7 e8f7 h1h2 c5a4
149,b6b5 a3a1 h6g8 d1d2 c7c5 h3f2
150,a6c7 b1a3 e5e4 h3f5 c6c5 a3b1 g6f6 d2c1 e6e5
151,b4a3 e3f4 c8b7 h2g2 h7h6 f4g3 a3e7 d1e1
152,g3h3 a6a5 b5b6 a5b4 c1a3
153,g4g3 f8e7 f6e6 b4b2 e6d5 e7f8
154,c8f8 a3b3 f8f1 a2c2 c5b4 a1a3 c7e8 c2d3 g7f8
155,e7e8r e2f1r e1d2 f1f7 e8c8 f7f4 c8c6
156,b7c8 e5h8 c8a6 e1c1 a6b7
157,g4e6 f2f1 c8a8 c1e2 a8g8 h7c7 d5d6
158,h1h2 b4a2 a3c2 c6b4 c2e1
159,e6d5 b6b4 c7c5 e2h5 h8h7 f4g5 e7e6 h2e2
160,g5f6 b8c6 g4f4 c6d8 f4g4
161,e5b8 b2b3 h6e6 f3g2 e8f6
162,f2f4 c8a6 e1f1 h8h7 g1f3 f8h6 f1g1 f6f5
163,g5g6 h5g5 a8a5 d4e4 d2c3
164,h8e8 e5f6 a8d8 e2f4 d8c8
165,f8g6 e2c3 a3c3 c7b7 g2b7 e7e5 g6h8 f7g8 b7d7
166,e2d3 a7b5 h1c1 g5f4 c1f1
167,d1c2 g8h6 a1b1 g6g5
168,h1e1 a8b8 g3h5 e3e2 d2e2
169,c5c6 c8d8 h6h4 g4g6 h4f4 d6e5 d4e5 e6f5
170,b1b4 g4g5 f5e4 f2h4 c5c7
171,e7e6 a7g1 c8d8 d1d6 d8d7 a5a6 g4f5
172,d6e7 a6c5 d3c4 f8e7 d2b1 c5d3 g4c8 e7d8 g5e4
173,c7d8 e7f8 a2a4 c3b4 c4b5 b6a8 h1h3 b4c3
174,f2d1 d2c3 b6a5 d8d7 c7c8
175,b8c7 f3a8 d4c4 b1b4 c3b4 a8h1
176,d6f7 g3f2 c4b3 f2e2 b3a2 f5f6
177,c7c5 d4c5 f7f8 b1a1 e5c4
178,c7c4 e3f3 c4c6 a1e1 e4f6 f1h1 c6c2 e2e3
179,e7e5 f4e5 d8a5 h4h5 g5g4
180,h7h6 g2f3 h6h5 f5g5 e8c8 f3g2 e7e6
181,g7d7 a4b5 d7g7 c8e6 b6d4 b1d1 d4a1 b5b6 g7b7
182,g2f1 a4a5 e7c7 c3b2 g6g5 b3b4 c7d7
183,c1d2 g2f2 f5g3 a7a6 d2e1 b7b4 e1b4 d7d6
184,d6e7 d1d2 b4d5 d2c2 d4d3
185,e2d4 a6d3 g4g5 c1f1 f2g2 f1a1
186,g7h8 h5h4 a1a2 e6f7 h2h3 a6a8
187,a8c8 h3g5 a6c7 e2d3 c1e1 a1e1 h6h8
188,c1b2 g1h2 b4c5 g4g3 b2c1 f5h7
189,a6b4 f5d4 d7d8 f1e2 b4a2 e2f2 d8e8 f4f5 a2c3
190,c4e4 h3c3 f4c1 a7b5 g8h6 g4e2 h4h3 c3g3
191,h7h8 f8b8 c3d4 h2h1 h8c8
192,c8d7 e2e1 h7g7 a1b1 g7h7 g2h4 d1e3
193,a2a3 c4c3 b1g6 e5c7 d2h2 c7d6 g6h5 c8c7 a5b3
194,e8d8 b3c1 d8g8 d3e4 c8a6 d2d3 a6b5
195,a4b4 g4f5 c5c6 c8f8 f1g1 f5e6 h2e2 a7c8
196,g2h2 c8a7 c5b4 c4c3 b7h1 b8c7
197,d2a2 h6f7 a2c4 d3a3 g7g8 f8e7 g8d8 e5e4
198,d5b4 g1f1 b4c2 a2c4 g6g5 c4f7 e7d6
199,b6b7 a1e1 a5a4 c3b4 b7b8
200,e7d8 e2c1 d8d7 a4a5 h4e1 b4e1 a6a8
201,f7f8 h4h5 f5e3 d2e3 d7e8 h1e1 e8d7 e1h1
202,g2h3 g4g5 h6h5 e6e5 c7b5
203,f5c2 d2c2 e8f7 g1f1 f7e8
204,c3c4 d5e3 g1h1 f6d8 a4a5
205,d7b6 g2e1 c7b8 h3g2 h6g4
206,h8h7 h4g5 c8d7 a1a2 c2a1 b2b1 f7e8
207,f7g5 h5g6 f5f4 g3h3 c8d7 a1c1 d7c6
208,c1d2 f6h7 d2e3 b7e4 d8f8 e4d5 g4g5
209,f2e2 a4a3 e2d1 f8e7 c4c7 b6b5 c8d6 f3d2 d1c2
210,d6d7 g5h4 b1d2 h7h6 f2e1
211,d6e5 e4b7 h4h5 b7d5 e7e8q d7e7 f2g1 e7c7
212,b7b5 e2d3 h8g7 d3c2 c8b8 f3e1 h7h8
213,h8f8 g6a6 f3e4 c2b3 f8f2 b4a5 f2g2
214,a8a4 d1g1 a4a8 b2d2 g8e7 h3b3 g4g3 f4f5
215,c2d2 c8e8 a3d3 e8e4 d3e3
216,e3b3 e2c3 b3b1 e4h7 b1c1 d1c1 a5a8 a2a4
217,g1g2 d1b1 a4a5 b1b2 g2g1 b2c3 c7c3 e7d6
218,d6h6 b3b4 f7f6 h3g4 g8g6 f5f6 f8g8
219,c6a7 g1e2 a7c6 e4e5 g7h6 f8f3
220,f6g5 c4b6 b2b6 a1h8 b6b5 d5d6 g4f3
221,d6f8 e8f8 d2d3 c7d5 h3g5
222,h1h2 a6b7 h3h4 f4e3 f3e1 a8a7 f2e4 b7c6
223,g8d5 g1e2 e7e5 e2g1 d8e7 h2h1 a3c3 h1h4
224,f6e8 c3e2 e8d6 f1c1 d2e2 a8f8 d6f5 c1b1
225,c1c2 f4g6 a6b6 f3f1 b6g6 g3f3 g6f7
226,b7b5 a4a6 a8a6 f1e2 f8e7 b8c7 e8f8
227,f6h7 h3g1 b4d4 f5f6 c1d2 g1h3 h8f8
228,b8d7 c1a3 h7h5 d4e4 h8f7
229,h6e6 g1d4 g4f6 h2h1 g7h8 d4f2 f6d5 e4d6
230,g6g8 f8g8 b4d3 g8f7 d3f2 h8c8 f3e3 c8c1
231,d7c5 e2f2 e8d7 f2e2 f7f6 b1a3 d4d3
232,g2g4 e7e6 e1d1 g6c2 d1c1
233,e4e2 d8e8 h4h5 c2c1n h6g7 a7b7 e2g2 b7b8
234,a8a5 d7c8 f7d8 e3d2 e5e4 c8e6 g5h4 c1b2
235,d8e7 h3h4 e5e4 c3a4 e4e3 f2e1 h8h7 h2f2 g7d4
236,e4g3 b5e2 g5e3 e2b5 g3f1 b5a4 c2d3 a4c2 d3d2
237,h5h4 h1h2 d2b1 a5a6 f3g2 e2f3 g6d3 a6b5
238,g1e2 f6g8 d1b3 f8d6 b3d3 g8e7 c1b2 h6h5
239,d3d4 f8g7 f3e1 c2c1 d4g4 a6a5 e3d2 f5g4 d6c7
240,f1f5 g5f5 h3f4 d7d6 b8d6
241,e3d3 b4b3 d3e4 b3b2 f1e2
242,b5b4 c4d3 b4d4 d3c2 f5h6 g1g2
243,f1e2 a6e6 h3h6 g1a7 g2g4 b7b6 g6f7 f5e4 h6h7
244,g4h5 f5e5 g1c1 c5b5 b2c3 e7d8 c1f1 d8e7
245,d7c7 h4f5 c7d8 f5d6 f4h2 c3d2 h6f7 g2g5
246,b4c5 b7a6 c2e2 a6b5 b1c3 b5e2
247,a1d1 d2d1 a7c5 d1d2 g4e5
248,b3b5 c8d7 h2h3 a6c7 a3a4
249,e8g7 e1e4 g7e8 a4a5 e8g7
250,d8e8 a1a2 a6b4 a2a1
251,g8g4 f3f4 c5c4 c3e2 e8f7
252,a3b5 f6f5 a1a2 g8f6 b5a7
253,h3h5 f1e2 c5a3 e2g4 c4a6 a2b1
254,g2g3 h5h4 d3d4 f6d5 f2f3 e8e6 e3c4
255,e7g6 b3c5 h5g4 d3d2 e8d7 b1f1 g6e7 d2d1 e2f2
256,g2e4 d3d2 e7b4 a1a2 e4f3 a2c2
257,a6b8 d4e5 f2f4 e3e4
258,d1b3 h7h6 b3b4 a7a6 g4g5 e5c4
259,g6g7 c1e1 g7g8 b2a1 f7g7
260,f8c5 f1e2 d7c8 c1b2 d8f6 b2c3
261,a8b8 d2d4 g4h6 g8e6 d8e7 e6h3 h6g4 c3c4
262,f8d8 g1c1 a6d3 g3g1 d3f1 c1c3 h6e3 f2e1
263,h7h6 b5b6 e8e5 a2b2 e5h5 c6a4 d6f8 b2b3 h8h7
264,b3a3 a4a3 b1b2 a3b3 b2c2 h8h7 h1h2
265,c4e3 g7h5 e3d5 a3a1 g8d8 h5g3 c8b6 g1g2 d5f4
266,e1d2 h6h7 d4f6 g7h8 f6e5
267,b1b2 c8d7 f1b5 a4b5 g2e2
268,e3c1 g3h4 f5g6 c2c4 e4e3 f1f5 c1a3
269,c4d5 f8a3 a1d4 h8h7 d3b4 f5e4 e2d2 e4d3 d4a1
270,e7e6 g2g3 b4a6 a1c1 g7g5
271,b4b5 g3h2 c2c8 d8c8 f5h7
272,d1c1 h3f2 c3a4 g6c6 d7f7
273,e7f8 e3c5 b3c5 g6g7 f8f7
274,a3a1 d7c8 d4d5 b6c5 h6g7
275,a6a5 d2b3 a7c7 f3e5 d6c5 c1d2 c7b7
276,h7e7 f8g8 e7a7 c2b1 h4h5 f3d2 f1e1 d2e4 a7e7
277,a5a4 e1d1 e5e4 b2b4 c7c5
278,e2e3 h3h2 b2c3 a6b4 b6a6 c5d4
279,d2d1 g3e1 h3g2 e1h4 f3g5 b2g2 b1b4
280,d3d4 b8b7 f1c4 d6d5 e7d6 g8h7
281,g2g4 e1e8 d8e8 c2a1 d2c1
282,f8c5 d3e2 c8a6 e5d5 f7f6 e4e5 f6g5 b4b5
283,e1d1 b8a6 e3c5 b2c2 c5g1 a6b4 b1a1 h5h4
284,a8g8 b2b4 e7e6 b5b6 g6g5 g2f1 g8b8 b4b3
285,f1e2 f6h7 e2d1 e7b4 h1f2 f4f3
286,g3e5 f3g3 d8e7 c3d1 g7g6 g3b3 d7d6 c2c3
287,g5h4 g1e2 b5b4 a5b4 e7c8 c4c5 f8g7 d1e1 h8g8
288,a5a6 h4e1 c7c5 e8f8 c3c4 g6h8 f4c7
289,d3d4 b8b7 c4b5 b7b6 e4e5 a8c8
290,g7g5 b4a6 e2c3 a2a1 h6f7 g2g3 c8d8
291,c2c3 f7e7 g1h3 a2c3 c1b2 h7h5 e2e4
292,c1b2 e5e7 g5g6 b7b5 c2f5 h7f7 f5g5 e7e6 h5h6
293,b7b2 g6e8 b2b8 d4d5 e6c8
294,b1d1 c6d6 b6d4 d6d7 d4f2 d7d5
295,f6e4 c1b2 e4g3 d1e2 g3f1 h4h5 d6d5 h1h3
296,b8a6 f1h3 f8d6 c3a1 d6f8 h3g4 g3e5 d1d2 h5g4
297,c6b6 f6h7 h1b1 h8f8 b1b2 f8c8 d3b4 c8g8 b2d2
298,c7c8 g4e6 e7e8 b1a1 h4f2 e6g4 f2e1 g4f3 e4f3
299,h1h2 a6a8 b3d5 h7h5 h2d2 e4f3 g4h5
300,g6g5 f3d4 h7g8 e8b5 f8h6 f1g1
301,e4g2 b7b6 b1a3 b6a6 d4f4 d7e7 g2g3 g6h6 c3f3
302,e8b8 f3g4 f6g4 e3e2 b8b5 e2d1
303,d5d6 d3a6 f5f3 a3a1 e8f8 e2f3 b8d7 a6a7
304,g7h5 f4h5 h6g7 h2h3 a7a3 b3b4 a3a6
305,f8e7 a4b2 b8c6 g5h7 f6f7 h4h5
306,b5e8 g1f1 g7f8 f1g1 f5d4 g1f2 e7d7 f2e3
307,d4b5 g7h6 f2f4 c8d8 g2g4 e6d7 d3d4
308,d2d3 c4d4 d3c3 f8e7 c3a5
309,b8b6 h1h2 f7b7 g2f3 g7h6 h2e2 b7g7 e2d2 f5f7
310,d8f8 h1f1 f2g3 f1e1 g3f3 e1f1 f3e4
311,d1b3 f2f3 h7g8 f4f5 e6f5 f3e3 f5e4 h1f3
312,g2g4 e7g5 d2d4 g5e3 a3b5 c7h7 c1e3
313,e3f5 g3h2 d1c2 c1e1 d8d7 h2h3
314,h8h6 e3d2 e8d6 h2d6 b4d5 d8c6 a8b7
315,f3f4 b7d6 g4h5 e8a8 f1f3 c6b5 h4g5
316,a7a6 f1g2 c8c6 g4h6 f7f8 g1f1 g7f7 f1f3 f7f6
317,e3f5 h4g2 f5d6 d2d1 d7c6 h2h4 e8f7
318,b7b5 g2f1 c4d5 c2d1
319,a2a1 b5c3 c6b5 c3e2 g7h6 c5b6 b5e8 b6c5 e8d7
320,e6e5 c1d2 c5d4 d1c2 d8e7 c3c4 b8d7
321,h7g8 g4g5 g8h8 f2g4
322,b3b2 g5g4 b1c3 a3a8 c3e4 b6d7 b2b3 d7b6
323,f8e8 e1d1 g6e6 d5c6 g8h6 g1f3
324,e1d2 c5c4 g4f5 c4b3 f3g4 a6c5 h6h7 e8e7 c7f4
325,e5c4 c2d2 d7c7 d5d6 a6d6 g5g6 d6b6 c1b2 b6b2
326,f6g8 e1d1 g8e7 e2c1 h7h5 c1e2 g7g6 a1a2
327,c1c3 h8g8 c3f3 d7d6 f3e3 g7d7 e3e5 d6c7 e5e1
328,d8d7 h2e2 e7f6 e5f6 c2d2 a1a2
329,c8d7 c2c1 c6b5 e1g3 d7e7 c1c2 b5a4 c2b1 a4c6
330,a4b5 d7c8 g2g1 e6f7 f1g2 d4d3
331,b8g3 f1f3 a8c8 f3f4 a7b8 f4f3 b8d6 b1a1
332,d8d5 h3g1 d5d7 h6h5 b1g1 a3b5
333,d3d8 e8d8 b1a3 c4c3 b2b6
334,e3f4 a7c5 h1c1 g4f5 g3d3
335,a6c7 a2g8 e4c3 d1c1 g2d5 a3b2
336,g3g4 b8d7 g1e2 a8b8 c6b7 c2b1n
337,a1d1 g5g4 d1b1 e5f4 b1b3 b6c5
338,f5g6 c5b7 d7b7 f1f7 b7c6 f7f1 a6b8
339,b1b2 e3e4 b2b3 g3f2 d5d3 e4e1 b3d1
340,e7c6 b5a5 c6e7 g4h5 e6c6 g1g3 h4h3 f5e7 g5g4
341,b8c6 h1h3 g6f4 e1d2 a7a5 f5e6
342,d2e4 b8a6 c4d5 g6g5 g1f2
343,h6f5 c2c4 a6b4 a3a4 f6e6 d1b3 b4a6
344,b6b7 a5a4 d3c4 d5c5 f2e2
345,c7c6 e1f2 a5b7 e4f5
346,d8f6 g2f3 b7a8 c3a2 c7c6
347,h1d1 a7a6 d1c1 g7g6 a1a4 b4b7 h3h4 d6f5
348,c4d4 c1e3 f6e7 h1h4 d4c4
349,h8g8 c5f8 g8f8 e4d5 h7f7 g5f6 d7b7 b2b3
350,g6h7 e3d2 g2g1 d2h2 g1g2 b4b5 g2e2
351,h6h4 b7a8 g8h6 a8f3 h4f2 d1e1 d6d5 h1g1
352,d3a3 g2d2 a3h3 a2a4 h3d3
353,g8e8 c7h2 e8g8 h1f2 f6g7 f2d1 g8d8
354,g3d6 h7h6 c1d2 d7c6 g1h3 c7d6 c2b4
355,b2b4 f1f2 a7a6 d7c7 a3b2 c7f7 g6g5 f2e1
356,e3d4 c5d4 b3c1 c4d3 c1d3 g6d3 d1d2
357,f1f2 c8g4 d3f3 f7f5 f8g7 a7b6 e2d3 c3b5 f3f4
358,e6f7 e8d8 b1b2 b5c6 d2e4 h8h7 e2c3 c7a5 f3d1
359,c5d4 g2h3 h6b6 a4b2 d1c2 f1e1 d4b2 c7d7
360,c4c5 f2d1 c5c4 d1f2 f8f6 f2h3
361,g7g5 f1e2 d8c7 e2d1 c8e6 a5a6
362,f8e6 e5f3 g2f3 d8a5 d6b8 g5g4 e2e4 a8b8
363,h1e4 b6c8 c5d6 f2f5 g5h6
364,a7c5 a4a6 d1e1 f6e6 e2f2 d7e5 g4g7 e6f6
365,a2a5 e2b2 f7f5 b2h2 a5e1
366,c8d6 e1f1 d6f7 g3f5 e7e6
367,d7c8 e2d1 a5a4 f1g2 c7a7 d1e1 e5d4 b2c4 c8d7
368,c1a3 e2e6 h2a2 d5d6 c8a8 e6e2 a3b2
369,g6g4 c4g4 e8e7 b1d2
370,g6e8 c7d6 d3c3 g8g4 g3g4 d6d5 c3b2 d5e4
371,f8f6 f1h1 d8f7 h1e4 e8d7 f2f1 g8h8
372,g4g3 c1a3 g7h6 d5d6 e7f7 a4b2 g3g5
373,e2e4 h3f1 c1a3 a8a5 c3c4 h6f6 b3b2 b5c4 e4e8
374,a5b4 d3d4 g8f6 h2h3 b7b5 b1c1 h8g8
375,a2a3 h7f7 h1h6 g6h6 b2a2 a8a5 f1e2 c6d4 e1f2
376,b6b5 c4c5 c8d7 f5g6 e7e8 d2d3
377,a3b2 c6d5 b4c5 b5b4 c3e2 a5c4 b2b3 f7g7 c5d4
378,h1g2 e3e4 g2h1 b6d7 a3c4
379,b3b2 f7f5 f1b5 g7f6 c2c3 a1a2
380,a3b2 h6g7 b2c1 a5a4 c1b2 d6f5 b2a3 f5h4
381,g2h1 f8a3 e2h2 c8h8 h1e4 h8h7 d2e1
382,
383,f2f3 g5g4 f3g2 d4d3 g2g1
384,f7f8 g4e4 c8d7 b2b4 f8d8 e3g5
385,h5h4 e2c1 e7b7 f1g2 b7h7
386,b7a7 f3f4 h5h4 f4f5 e4c5
387,d8g5 c3f3 h8h6 e4d2 e6e5
388,f8d6 e1g3 d6f8 a1f1 e8e6 g3g5 e6c6 d2d1 b7b6
389,a6b4 g4f5 b8a8 a1a6 c7c5 c3b4
390,h2h3 g7h8 b2b3 h8e5 b5a6 b8c6 d1f1 a8b8
391,b4b3 h3h2 b8c6 h7f5 d7d8 d1e1 g8h6 f5h7 a7a6
392,d8e7 g5d5 c6a8 a4a5 c8f8 c2c1
393,f7f5 c1b2 e7d8 b2c3 f8e7 e4f5 g7g6
394,g7e7 e5g4 g5f3 d1c1 e7e3 c1c2 e3e8 g4h2 f3g1
395,c8d7 e1f3 a4a6 d3b1 h6g5
396,f1e2 a7a6 e6f7 e8f7 g1g2 h6h8 b1a3
397,b8c8 g5e6 a5c4 e6c7 c8b8
398,e7h4 h2g4 d1c1 g7g5 h4f2 d4f5 h3h4 g4f6 c3b1
399,b3d4 b5a7 a5d5 c2a4 g8e8 f2e1 d5c5
400,b8d7 g4g5 b7b2 d4e4 b2e2 g5a5 e2e3 a5e5 d7f8
401,e8d7 c2g2 a4a3 g1f1 c3c2 h6f5
402,h3g4 h1d5 d3h3 h2h1 h4g2 g7g5
403,c3b2 h7h5 g1f3 b5a4 f1f2 d6e7 a3e3
404,c8d8 f6f8 d8e7 f8c8 f1h3 f5g6 h3f5 g6f5
405,c4f4 h5h4 f4e4 g1h3 e6e7 a6a5 e4f4 g4g2 f4g4
406,c5d4 g6f7 f8g8 a1b3 h6h5 c3d4 a6c7
407,f7e6 b1a3 h2f3 d4c6 c7d6 a6b7 e6g8
408,g8b3 d1c2 e5f5 f1e2 f5f3 c2d3 e8d7
409,g4d1 c1d1 e7e2 h3f5 f8c5 f5h3 f6g4 d1g1
410,e3e4 h4h3 a2c2 g7e7 g1e2 b8c8 e2c1 c8c5
411,a3c4 h8h4 c1d2 e6b6 g1e1 b6e3
412,c2c1 e7f7 a4a5 f7h7 g2g3 h7h2 f3h1 h2d2 c1d2
413,g4g3 h8h3 g3h3 d1d6 e1f2 d6e6 a6a4 e6b6
414,d2c3 b6b5 c5c6 f2f5 e8g6 c7b8 g1f3 c4c6
415,h1h2 g8c8 e2e1 c8f5 b5b6 h6g4 a2a1
416,b2b1b c2f5 b5b3 d2e3 b7c7 f5g4 b3b8
417,e3c5 g1g3 b5d7 b3d5 d7c8 d5c4
418,f2e1 f6e5 a1a2 e2f3 g2d2 f5g6
419,e1f1 e8d8 g1g2 d7d6 h1g3 d4d3 c3c4 h6h8 e2d3
420,
421,b6b3 c4f4 g2g1 e1g3 g1h1 f4g4
422,a7e3 f2e1q g5f3 d6g3 c4d5 g3f4 h6e6 e8d7 e3a7
423,f6h5 g4h5 h8c8 d3e4 c8d8 b2c3 d8c8
424,d7c6 c3c2 e7c8 e8g6 g8d8 b8c6 g4g3
425,a3a4 g4g5 c2c3 a6b5 f1c4
426,d4h8 e3g1 c8c7 a2a4 e6d5
427,h3f1 a5b4 g4g1 d3g6 a3e3 g6f7 g1g4
428,h5h3 b1d2 d8f6 d2b1 b6b5 b2a3 h3h5
429,c3h8 h6d6 g1h3 e3d5 a1c1 d5b6 h8e5 b6a8 b2b3
430,g7g6 c3d1 d7f6 d1b2 c6c8 c1e3 c2a4 b2c4 f6e4
431,e7g5 g8f6 h1h2 c5a3 b1c3 a3c5 g5e3
432,d7c6 e2f2 a8a7 f2g2 a6b4 f5g6 c6b5
433,b4d5 a3f8 d4e3 d2e3 b7b6 h2h3 g6g7 f8e7
434,e7e6 g2f1 g7h6 c1c2 c7c6 d1d3 a6a5
435,f6f5 a1b1 a7a8 d3d4 f5f4 d4e5 f4e3 e1d1
436,e4g6 c5a5 g6f5 a5d5 f5g6 d5c5 c1c3
437,e8f7 d7b8 f7g8 e3f4 g6d3
438,a7b6 d1c2 h3h1 c2b2 g8e7
439,f8g7 e4f3 h6g4 e2e1 g4f2
440,b8a6 a4a5 a8b8 h5g5 a3e7 g5h5
441,b8a6 f1g2 g5d5 a3b3 f6f5 b3d5 f7f6 e4e5
442,e6f5 f2d1 e8d8 d1e3 d8e8 e3f5 e8f8 a3b1
443,g1e2 h6f4 h2h3 c8d7 b4e7 a8a7 g2g3 d7c8
444,g3g2 d3f3 f7e7 d2g2 a8c8
445,b4b3 g5g4 f3d4 f8e8 f1g2 g4h4 b3c2 e8e7
446,b3b2 b8d8 f1b5 g6g5 d6f7 g1a1 f2g3 d8c8
447,d3c4 h6h3 d2f3 e2e4 c4c3
448,g7g6 g2f4 f7f6 d1e2 f5g4
449,d7c5 h6g7 h8h6 e2g4 c5a4 d6d7
450,g5g6 c1b2 a1c1 c8a8 a3b1 d3b1 g4g5 g7h8 e8a4
451,b8d8 g4f3 g8g7 f3g4 a8f3 h2e2 g7g8 c3c2 d8e7
452,b3h3 a6a4 h3h4 b2b4 e6e1 a4a6 b7d8
453,b6e6 c8b8 d2d3 c7d6 e6e7 f7f6
454,f2e1 g5e6 e1f2 c8c7 a5a4 c7b7 e5e6
455,h3h4 d5f3 d1f1 f3e2 g1f2
456,b5f5 f6f5 c7b8q d6h2 a3c2
457,d8g5 e8b8 g1g2 d5a8 b1e1 b8d8 h1g3
458,c1c3 g6g5 b3a2 e4e2 g1e2 a7b7
459,c7c6 e2g4 e6d6 g4d7 d6d7 e1e2 g6g5 f4g5 d7d6
460,c5c4 d3e4 c7g7 h4h5 c4c3 f3f4 c6c5
461,e7f7 c2b2 c8b8 b2c2 g8h6
462,g3e4 f6e7 e4g3 a7a5 b5a5 a8a6
463,c3b3 d4c2 g4f2 a6c5 b3d3 c5d7
464,c7c6 b1f1 f7e8 f1c1 d8c7 b4c3 g7f8 g1h1 a8b8
465,d1b1 h7g8 h1g2 g8g7 g2f3 d4f2 c8b7 e4b4
466,d5c7 e4g5 a6a5 f3g1 d7d5 d2c2
467,e2f1 f8b8 a1b1 h5g4 a6a8
468,g1h1 g2a8 f6e5 e6c5 g8f8 f2f3 f8f7 b2d2
469,c7d5 c2a4 d8c7 c3e4 f8g7
470,f7h5 c4c5 g8h8 e2d2 c6b7
471,d8c8 e2c4 f4f3 b5d5 e7g6 d5b7
472,f7f6 b2a3 b6a5 b1c3 f8g7
473,e2c2 b3a4 a5a6 g7d7 f5h6 a8c8 c2e4 c8b8
474,a4a5 f6f5 g3f3 a7c6 e2d3
475,a4c2 f1a6 f8f7 d4e5 d5e3 b1d2 f7e7 c1e1
476,g4h5 c8h3 h5e2 b8b7 e2f1 h3c8
477,d3d2 f6f7 a3b2 f7e7 h8f7 h2h3 a7d7 g6g7
478,
479,a6f1 g7g5 g1f3 c6b4 f3d4 a5c5 f1h3 c5c3
480,f8e8 d2d1 a2e2 d1d6 e2d1 b4b5 e4b1
481,b2a3 d5d4 h1g1 h7e7 d2e3 e7e4 g1g4 c8a6 g4g1
482,c2e1 f8g7 c1d1 f6h7 e3d2 e7d7
483,c8b7 b1a1 h5h8 f1g1 f7e6 d1g4 h8h7 e3e2
484,f6g4 f3f4 e8d8 c2c3 e6d6 e1d2 b7c8 e2d3 h8h6
485,d4c6 g6h6 c6e5 b4h4 b7c6 h4f4
486,g8g3 f2f1 a3c3 b2c2 c3g7
487,d7d5 g1g2 h1g1 e2e4 g5f4 g2e2 g1g3
488,e5e7 g8e7 g5f6 d7d6 b5a6 e7c6 f6d8
489,h1f1 d1c2 d8b7 d6d5 f1d1 c2d3
490,c4a2 g2d2 f4e6 f8f7 d5d2
491,f3d1 f2g3 d1e2 g3h2 c1a3 d8c6
492,d8c7 d2a5 b8a8 a5d2 c8b7 g1d1
493,f3f1 e5g7 g2h3 c8e8 b2a2 c6e6 e2d2
494,e8f7 d2b2 g8e8 b2c2 a1f6 g5h6 e8e3
495,d1c2 b7a8 a3b1 a8c6 a1a4
496,e4e5 d7c7 f2d2 g2h2 d2d3 h4d8 c2e2
497,c3c1 d1c1 h3g3 c4c3 e4g5 c1c2
498,c5c6 f2d1 c6c7 g1f1 h1g1
499,f4h6 a5a7 h6g5 f6e5 h7d7 e5d4 c8c6 a7a4
500,b8b7 e2f3 f4g5 a3a4 g3g2 f3f2 g5d2
501,b4a3 a1b1 b6b5 a4b5 a3b4 f3g1
502,h1e1 g6h6 e1h1 h6g5 h1f1 h7a7
503,c5d4 d1d2 d4d3 d2d3 g7e5 d3d2
504,g4g5 a2a3 e6d4 b1c3 d4c2 e1f2
505,c3d3 g6h6 h8g7 h6g7 e2e3 e1c3 b1c3 c6e7
506,c5b4 f4g5 b4a5 d6a3 c2e3 h6g8
507,e2e3 h5f5 c3e4 d6e7 a2a8 b5c3
508,
509,g8e8 b8c7 e7f6 c7b8 d8b7 g5h7 f6g6 b8c8
510,
511,a4b5 h6g8 a3a1 d6d5 f2f4 a5b4 f1h3 g7h6 a1a3
512,b1c3 d8b8 c3a2 e7e6 g1e2 b8d8 g2g3 h5g5
513,h7h3 b6b7 b5d3 e3f2 g8f7 c6d8 g2g4 f2h4
514,b4d2 h3f4 f7e7 c4b5 b8a6 b2e5 a6b4 h2h3
515,b2b3 d8e7 g2h2 e7f7 b3b4 d3c1
516,g1e3 b3e3 g4f5 e3f3 f5g4
517,e3e4 a4c5 g5f7 b3a4 e2f3 a4a8 f3g3
518,h1g2 e6e7 g2g1 e5e4 b4a3 h5h6 a1a2 d8d7 h3f4
519,c5h5 c2e1 f4e5 g7g6 h5h3 b6b5
520,e2e8 c8e8 d2c1 e8e5 c1d2 e5e6 d5e6 c4c3
521,e2f2 c5b4 b2b3 c8d7 f2f1 g7g6
522,h5g3 b1c3 e7d6 g5h6 g3h5
523,f8h8 d4e5 g6g5 b3b4 d7f8 h2h1 g5f4 a5d5
524,h7d7 f1e2 d7d6 h6g7 d6d8 b1c1 d8b8
525,c8d8 d5b6 b7d5 b6c8 b8a6 a1b1 g8h6 e5e6
526,b4a3 d1h1 a5a4 c2b1 h8h4 h1h4 a3a2
527,d5e4 f2e3 c1c6 d1c2 b7b6 h6g8 c6d6 d3d4
528,a2a3 e1c1 d8b8 f1f4 b8b4 f4b8 g2e4
529,h7d7 g1g3 c8c6 g3h3 g5g4 e2g1
530,b1d2 e7e4 f1d3 e8e7 f4g6 e7f7 f3f4 d5d4 e3d4
531,c4d4 e1e5 c8e7 f4g6 b6a5 e5e2 a5b4
532,g1e3 g7d4 d3b5 c7c6 b5e2 d4a1 d2c3 g8f6
533,f6d4 e7e6 b8d7 e6g6 g5g6 d5g8 d4b2 c1a2
534,c7b7 g3f4 e8d7 c4a4 b7a7 f4g5 g4g3
535,f6g4 d2c1 c8c7 e2c4 c7b8 c4e2 d6d5 e2g4
536,d6h2 d4d5 h7h5 e1d1 h2f4 c7a8 f6f5
537,c4c5 h7h6 g1f1 g5h4 e6f7 b5a4
538,b1c3 f7e7 d4c5 e6f6
539,g2e2 g7e5 g6h5 e5d4 h5g4 d4a7 e2f1 d3d4 c6c5
540,a2a4 h7h5 e3e4 h8h6 e1g1 d8f8 g5h3
541,c3e3 e7f6 g6g7 h8h6 e3c3 h6h7 c3c6 f6g5
542,a7c6 e4e3 c1a1 d6g3 c6a7 g3h4 a2a3 a6a7
543,d3b4 e7e8 b4d5 d2b4 d5c7 e8d7 g2h3 b4c3 b7a5
544,a3a1 g4g3 d4c3 d6d5 h2h3
545,a5b3 f1e3 a7c7 f3f2 h8g8
546,a6b8 d2f1 d8c7 d5b5 a7a5 f3f5
547,e7d7 h1e4 d5e5 e4f5 e5f5 g4f5 d8f7
548,d4d3 a3b3 c8b7 b3a3 b6b5 e1f2 a6b6 c2c3 g6g5
549,f8e8 h5h6 a6d3 f3f1 d3e4 c5c6 d6c6 g2e1
550,f2e1 d8g5 d3d4 h6g8
551,f5g3 a4a3 g3h5 g4g5 e6g4
552,c8g4 c1a3 g4h3 f1g1 h3e6 b7d7 b8d7
553,d4b5 f3d5 c8b7 d1f3 h4g4
554,h3h2 d8e8 b2c4 b1b3 a6b6 b3b1 b6b5
555,f6f5 e1d1 b6b5 b3b2 f5g4 b2b5 d8e8 c3b2
556,f4f5 a6b7 a1d1 e4e3
557,a3c4 c6e5 d4e5 h7h5 e5f6
558,c6c4 b5b6 b8f8 e3e4 g8g7 e1f1
559,e2d2 c8h3 f4b8 g6g5 b8e5 c1a2 b2c3 h3c8
560,d6d2 f8e7 g3f4 e7f7 g5g6 f7g8 d2d1 a5b4
561,b7a7 c3d2 a7f7 c1b3 g4g5 d2c2 g5g8 b3a5 f7g7
562,c7d7 f4g3 f2f1 g7f7 e1a1 g3f2 d7e7 f7e7 f5f6
563,g4c8 d2e1 e8e6 a3c4 e6d6
564,b5b8 b2c3 d6c7 b1d2 g8c8 h3g3
565,f8g7 g2g3 d5e4 e1e2 b6b5 d1c1 h8g8 g3h4
566,c2e1 h5e2 e1d3 e4e3 d2c2 f4f3 h4h5 e2d1
567,a7a5 b1a1 g1h1 a1a2 d7d6 c4c3 h1g1 f1g2
568,d1e1 f6e4 e1d1 c6c5 g3f4 f8g7 f2f3
569,h5h7 b8a6 e5d6 g8e7 h7d3 e6e5 e1d1 d8a5 h1g1
570,e3e4 a8a6 b2b3 a5a4 g3g4
571,a5a7 c3a3 e7c6 a2a1 c4c3 e5e6
572,f7g7 c2b2 e6f8 c4a6 b8a6 b2b4
573,b2a3 f5e4 a1d1 g8h6 d1b1 e4e3 c3d1 e6e5
574,c5d5 f8h6 g6g7 f3d5 g8d5 d7c7 g7g8q h6f8
575,b6b1 c3d3 e6e7 h8b8 g1f2 f4h4 h1g1 h6h5 g3h4
576,e4f5 b1b6 a1c1 b6e6 f5e6 a6a7
577,b6f2 b2c4 f2e3 a5b5 a8a7 c1b2 a7a8
578,g2f3 h7h6 e8f7 e6f6 f3e3
579,d2c3 f4g3 c1f4 d7d6 f2g3 c8e6 b5a7
580,b7a8 a1a3 g7f6 f1e2 e7g8 e6e5 d5e6
581,b2d4 d1d2 d4b2 d2c2 a8d8 h6g7 d8d7
582,a8a7 c4c5 c2a1 b2a1 c8e6 g4g5 h7g5 a2a4 g7g6
583,c8d7 f4f1 d1a1 b6b7 d7e6 g3f2 g8e8 f2f3 e7c6
584,h3h4 d5e4 e1g2 b7a8 f1f2 h6h5 f2b2 c7c3 d1e2
585,h7f6 d5c7 e8d8 a1b1 c6a5 c4a2 g8e8
586,b1e4 f6e5 e1f2 g8e7 f2e1 e8f7 d2d3
587,e4d3 d6d5 e2e6 c7d8 f1h3 g7e7 e6c6 a6a5
588,e1f1 f7g7 a1d1 c6e6 d1b1 a8a7 c3c4 h4f2
589,d3d2 a1c3 d2c3 f6e5 c3b2 e5d4
590,d2f1 d7d6 g7g8n d6d7 g8f6 h7h8
591,h3h4 d7e7 b5b6 f8g8
592,h8h7 d2e3 c8f5 g4f3 f5d3 c3d4 d3g6
593,d8c7 f2f3 a6a5 c3c4 g8f8 h3f2 b5c4 f2e4
594,e4d2 e2f1 d2c4 f1b1 b7a6 b1b5 a6a7 f8d7
595,e5c3 a1b1 e8e5 f6d8 d7d8 c1e2
596,b4b5 f5h5 d1e2 f6d7 a6a8 f7f6 c1b2 f8h8 a8b7
597,d3b3 d5b7 e5g4 a1c1 b3d5 a3a4 h7h8 a4a5
598,a5b6 g7f6 b4c2 f1d1 e5e6 g6f7 e6d7
599,b8g8 b1a1 g8g7 a1a2 h8h7 a2g2 f3f2 g1f2
600,g5e6 b3b1 a1a2 d7c6 e6f4 b1a1 a2a1
601,a1a5 f5d4 a5a6 f6f5 a6a8 f5e6 g5d8
602,a1b1 b7c8 b1b2 d7b6 b5c6 g8f6 e1f1
603,a1c1 a8b8 d2f3 a6c5 a2a4 c5a4 b3a4
604,c8b8 a3c4 h6h1 h8a1 h1h2 e3e6 c5a6 e6g6 a5a4
605,f5f4 f1e2 e8d7 e2g4 f7f5 e1d1
606,d1c1 d7e8 b1b4 h6g5 b4b1
607,h5h1 g3f2 g7h7 b4b2 a3b2 a2a3
608,b2c1 b8c8 e3e4 f5g7 g2h3 h6h8
609,b7c8 h1h2 f8f7 d1d2 d5e4 d3d4 f6f5
610,a8b8 g4f3 e7f5 c1h6 d6c7 e1f1 f8e8 f3h3
611,g2e2 e5c3 d3c3 e7c8 e2b2
612,d1c1 h3g4 c2d1 d4d7 c1c2 c5d5 g3g4 e7f6
613,f2f4 h6g8 b2e5 f7g6 b1a1 a7d7
614,a8d5 h1e4 d5e6 d1b1 d2c1
615,e1d1 f6f5 e4f5 g6g5 b1a3 h8h7 c3f6 b8a8
616,a3b4 c4b6 d7e8 b1b3 b8f4 e4d5
617,b2e2 a7b5 e2h2 b5d4 h2h1 g5g1 d5d6 a3c1
618,d3d4 h2f1 g3g4 f1e3 g4g5
619,c2c4 f7f6 a1b1 f6e6 b3b4 d8c6
620,d2c1 g7e8 f3h2 g8h8 h3h4 g5h4
621,f6e6 e3e4 e6d7 e4f4
622,h3h6 f1f3 f7g7 a8c6 h6h3 c6e4 f5e4 d2e3 e4d3
623,a7c7 c3c2 f6b6 c2d2 c7a7 d2b2
624,b6b2 h3g5 b2b6 h8f8 b7a5 e4e3 b6h6 d4f5 h2g2
625,b7c8 b6c8 c1h6 f8d6 g1h3
626,a4b2 f7f6 f1g2 e7d7 g2f2 f6f5 b2c4
627,d3f4 g2g3 a6a8 g3g4 b1d3 g4f4 h1g1 f4e5 d3e4
628,c2c4 c7d6 f3f4 e5f6 e1f1 a8a7 g6f7
629,h4e7 e2e1 a4a5 f1h1 g8h6 h1h5 e7h4 d7f8
630,e7e1 d1d2 e1d1 d2e3 d1d3 e3f4 d3d7 g2f3
631,a4b6 h7h6 b6a8 h8g8 a1g1 e8b8 g1a1 e4f6
632,g5h6 g7h8 e1c1 c5d4 h3h1 h8g8
633,h3f5 f2e4 e1f1 c2a4 c1c4 a4d1
634,c5d6 f3d1 e8f8 h7h6 a4c3 h3g4 f8e8 d1c2 e8c8
635,b1c2 a6c6 h2h1 c5c4 g4g5 g7f6 a3d6 h5h4 c2b1
636,c5c7 g3f4 c7c4 f4e4 c4d5 e4c4 d5b5 g2h1 b5b8
637,g7g5 f1g1 b4a6 c3e1 e7d8 e1g3 h8f8 a4a5
638,d7c7 b8a7 f2g1 b6b4
639,a5a7 h1g2 a7h7 f5c8 b6d7 f4d2 h7h6 d2e3 d7f6
640,f6e6 c1d2 g6g5 d2g5 c3c7
641,f6f7 g2f3 h8f6 e3e2 e4f3 d1c2 f7e7
642,h7h6 c1g5 f8b4 e2f1 c7b5 g5e7
643,e1e2 f8g7 a2a3 f6f3 e2f3 d7d6 e4d6 e8d8
644,d5b6 f6g4 d1e2 g4h2 a1e1 h6h5 g1h1
645,e8d7 c3a2 c6a7 c1e3 a7b5
646,e2e4 g8e7 f7h6 g7g5 c1a1 g5h4 f1e2
647,b7d5 c4b3 d5e5 b3f7 h7f7 g1h2 f7f8
648,d3h3 b6a8 d2d4 b7b6 h3e6
649,e2d1 g8f6 g2c2 g6e5 c8h3 d3e4 h3f5 c5e7
650,b3c4 h5h4 c1b2 h8h5 b2c1 a5b7
651,f6d5 d2d4 d8c7 d1d2 c8b7 g2g4 d5c3 c1b2
652,a4a2 a5c5 a2d2 c5h5 f2h1 d7c7 d2c2 g6g5 g2f2
653,g3g6 h7h3 e8c7 f8e7 g6g5
654,c6e8 e7c8 e8h5 c7c5 b3b4
655,f8c8 d2c3 b5a4 c3f3 f7f8 b1c3
656,c3e4 g7h7 e3f4 b6c7 e4c5 h7d7
657,d8a8 g4h5 h8h6 e4g2 a3a7
658,f5b1 d6f7 c3g7 f4f5 h8h7 g2g4 d8d7 f2g1 g7c3
659,e3f3 d1c2 c6c5 g3f3 e4f6 f3f6
660,a6a5 d5f4 a5a4 h3h1 h8f8 f2e3 c6a7 d2e1 e7b4
661,f2e2 e4d3 e2a2 a6a8 b1c3 a8g8 g2h2 g8c8 a1c1
662,f8d6 c1d1 f7g7 h2h4 g7f7 e2e3
663,g6c6 a3b2 c6c3 a1c1 e7a3
664,b2a1 e7h4 h3g3 h4f6 f4f5 d6e7 c3c4 g8b8
665,h7h6 f2f3 d8e8 f3h3 e8c6 h1h2 g5h4
666,a8e4 f6f5 d3d4 d6d4 e4d5 g6g5 c2c3 b1b2
667,e6e7 d3b3 g3f4 e3f2 h8h7 a1a5 a8a6 b3a3 e7e5
668,d5c6 d3c3 h7h5 c1d2 c6d5 f5e6 d5a8
669,d4g1 c4c3 g1c5 a2a3 c6b5
670,e4d3 g2f3 f6d6 b5b7 e2e1b g3g4 b1d2
671,d5c4 h2h3 f7f6 b7b5 g7g5
672,f6h5 a3b4 d6g6 c3c4 b8c6
673,f6g8 b4c5 c7b6 e3h6 g8h6 d5d6 b7d5 d4e3
674,a1c3 h7g5 h4h5 f7f6 d4f3 h8h7 f3e1 g5e6 c3b2
675,a4a3 d8f8 f6e7 b3e3 b4c6
676,c4d5 h4g2 d5e4 c1f1 e4c2
677,h5g7 d7d5 b4a5 f7g6 a2a3
678,g8g7 h1h2 f7e6 e5g5 g7f7 h3g2 e6c8 h2h1
679,d6c7 c4g4 b6d7 h8g7 e7e6 e2f1
680,d5f4 c1e1 h7b7 f2g3 b7g7 g3f3 b3d5 f3f4 d5e6
681,b8f4 c5d3 b3d1 f5e6 a2a4 d3c5 d1e2
682,g7g8 e1f3 b6b5 h6e3 h7h5 h1g1
683,b1a2 a6d3 f4e5 a5a6 d4d3 e4e2 a1h1 e2f2 d3f3
684,f5h7 d4b2 h7b1 h5h6 b4c5 b2b5 a2a4 b8h8
685,f4h5 b6f2 f8f7 f2c5 f7f8 c5d4 a7a5
686,g3g4 c6d6 d2c3 b8c6 a1b3 c6d4 b3c1
687,d6f5 b5c3 d2e2 e1e2 d7e5 a3b4
688,b7b6 g5f6 c6b7 c3b1 b8c8 e1f1
689,c6c3 b2b3 c3a5 a3b2 c8d7
690,c1f4 b3a2 f4e5 a2a3 e5e2
691,b5c4 f5g6 c4e2 e6a2 h2f2
692,c5b6 g2f1 a7a5 a3c2
693,g7e5 e1d2 g8g7 f5g7 e8d7
694,e6e8 b1c1 d7b5 h4h5 h6g5 f1g2 g5g4 h3h4
695,
696,f4f3 e4f6 f3f2 c3d2 f2h2
697,f8g7 h3g1 g5f3 c1a1 e8f8 c3b2 d4f2 f1f2 d5d4
698,e7e5 g2f3 d7e7 a2a4 c7d8 f3f2 e1f1 f2f1
699,h2g2 h7h8 f5h7 f3e2 h7e4 e2f1
700,c6b4 d3e3 b8c7 e3f4 c7d6 c5e6 a1b1
701,g8h7 a5a6 d7f7 a6a7 d5d4
702,d5e4 c1d1 g7f6 g3f2 c8e6 f1g1
703,e5f6 h6h5 g1e2 b5b8 g5d2 b4b3
704,f7e8 f4f5 e8f8 a7c5 f8g8 f2g2
705,g3g2 d6e5 d3d2 g8h8 b2b3 b8c6 g2h1 a5b4 f4g5
706,d5f3 a7b6 h7d7 b6d4 a5b4 e5c5 d7f7 d4b2
707,a8e8 h3g5 f6g5 h1g1 c6d4
708,h5h6 c5d4 b2f2 b8c8 f2f4 c8b8 h1h2 b8d8 h2h1
709,a2a1r e1f2 b5e2 f2e2 c7d6 g5e4 b8a6
710,a8d8 g2d2 d7c7 g8g3 c7c8 f1e2
711,h8f8 a3b1 a6b7 f1e2 b7c6
712,g5g6 e5h8 g8h8 g1g4 e4f6 d6f4 g6f5 f3h2
713,a6b6 c3d5 b7a6 b4a5 f7e6
714,c6b7 f7e7 d4d7 d8d7 d3d2 f8h6 b7c6 e7f7 d2a2
715,e4h1 g3f5 c7b5 c3d2
716,d8e6 c2b1 e6d4 a5a6 h8g7 a6a8
717,g3g1 c1c2 g1g2 h2h1 d3c4
718,h3d7 g2h1 g5f3 h5c5 c6a5
719,a1c1
720,h1h2 a7a6 a3b1 e6d5 b3b5
721,h6f4 c7c6 a2a3 g8h6 a3a1 d8c7 d2c2 h6g4
722,c1d2 h4f5 g1e2 c5e4 h2h4 d7d5 h1g1 a8a7 d3g3
723,c3b1 a3d6 h3h4 d6d7 e2c3 b6b5 h1g1 d7d6
724,a2a4 h6f4 c2c1 g8h6 a4a2 d8g8 b1a3 f4g3
725,g5f6 e1d1 g7g6 h1g1 h6h1
726,b5d4 b6a5 d4e2 h6g5 e8f7 d2b1 f5f4 d1c2 f7d5
727,c2b2 d5b4 f2g2 e6h3 h1g1 g6g8
728,g5h5 e8c6 h5h4 c7d7 d5e6 d7e8 h4h8 g7h8 e1f1
729,b4d2 e1b1 d7d8 f3f8 e8d7 c2d2
730,c7b8 h1e4 c4c3 h3g4 b8c7 g4h5
731,e5e4 c4b3 b1b2 a6a5 d1e2 h6f8 f2d1
732,b1b4 g5h5 e5d5 h5d5 f6g8 c8f5
733,b3c4 f8h6 g1h2 g8e6 g4h4 d8e8 e3f3 h6f4 f3a3
734,b8b7 e7b4 f5g4 b4c3 g4d7 f7g8 g3f1 c3e5 b7b4
735,a5a7 g8e7 a7b8 e8f7 e1d3
736,h8b8 d7e6 b8c8 f1g1 a6a5 f5b5 b6c7 g1g2
737,f5f6 f3c6 f6f2 b7b8 f2h2 c6h1 h2e2 h1b7
738,e6b6 c7d7 b6a6 d7d8
739,f7e8 f3f2 e7g5 h6h4 g5f4 b1b3
740,a6d6 d1e2 f6h8 c1b2 d6h6 g1g3
741,
742,e3d3 f1e1 a8a7 g4h4 a7a4 h5f7
743,b8a6 c6c7 e8b8 c7b8n a4b5 h5e2
744,h5h4 a1b1 d5c4 d1c2 c4b3 b5b6 e6c4 e2e1
745,d5e6 g7f6 e6f7 c5e4 f7g8 h5f4 g1f1
746,b2f2 h8f7 b5c3 a6b6 c1e3 b6b4 f2c2 e7e5
747,g6f8 h3h7 f8h7 d7d5 h7f8 b4a5
748,e3d1 a8d5 b8b6 c7e5 b6b8 d2d4 d1e3 e5c7
749,g7g5 e2h2 g5g4 a8a7 e3a3 h2b2 a3h3 c4d5
750,a2g8 e1d1 c8e6 c1a1 g8f8 d1c1 d8e8 f1d1
751,a1c1 e6e5 h3g4 b7b6 d3d4 h5h4 e1g3 e5f4 e2e3
752,g2c6 a3a1 a8d8 c1d2 h5g4 e1f2 c6e4
753,e1d1 a3d6 c3c4 e5f4 h2d2 h8h6 d2g2
754,h4e7 g7g8 b3a3 d4g4 e7d8 g8g7 c3c4 g4f5 d8f6
755,b8b6 b3b4 f4h3 f2e1 a7a6 a4b5
756,e7d7 b1b4 g4f3 f1e2 f3e2 d1c2
757,g2e4 e1d2 e3g3 e2d4 e8f8
758,h6g8 a2a4 g8e7 b3f3 g5g4 f3e2 c6b7
759,c2d1 e5d4 f3g3 h2b2 d1h5 d4e5
760,b7b5 b1c3 c5c4 d1e2 e7e6
761,a1a6 c3c2 a6a3 b7c7 d5e4 c2c1n a3a5 c7d6 f4g3
762,a7c8 c2b1 e7h7 b4a4 e3e6
763,h1h2 f6a6 f5f6 a6f6 g4g5 g8f7 f1g2 f7e6 g2a8
764,b2c1 d8e8 d4d5 g7a1 d1c2 a1b2 c2c6 b4a5
765,d6e7 f4e5 b3d3 e5b2 g8h8 f2e1 c8b7 d2b1 c6e5
766,c7e8 a8c6 c8b7 c1b1 h8g7 b1d1 g7f6
767,g2e1 c4c5 e6e5 h4g2 b8a6 e2d2 h8h6
768,b8a8 c4f1 c8e6 f1h3 a8b8 h1c1 e6c8
769,d4d3 a7d7 d8d7 f1e1 d5b4 h6g7 b4a2
770,e8g6 b4b7 g3g1 c6d8 c2b2 b7a7
771,g6h7 d2c4 f6g4 b3a3 a6a4 a3a4
772,h1d1 b1c2 d1d2 c2d2 h4h6
773,c3c4 d1c2 g7f5 e8e7 f5d4 b6b5 c4d5 e7e6
774,c1f4 b4e1 f1c4 b8d7 e5g4 d7c5 c4d5 d8d7 h2g1
775,h1h7 g7f8 d1e2 d6a6 c2c3 g5f5
776,b8a6 h1f1 a8e8 f1g1 f8g8 g4f5
777,h1h2 c3d2 h2d2 c6b5 b2e5 c7c6 b1c3 c6b6 d1b1
778,c2c4 g5h6 g4d7 h7h8 h2h1 e7e5 b1a1 d5c4 h1h2
779,b4c5 e7e6 b5e2 c8a8 e2g4 h1g3
780,d1d3 e8e7 e1d1 a8a7 g2g3 d8e8 d3a6
781,e7e2 a1c1 c6a7 a2a3 e2e8 f1g1 e8c8
782,e7g7 e4f5 c8d7 f5f6 c2a1 a4b4
783,b2c1 d1e2 c1e3 e2f1 e3c3 f1e2 e8d7 e2f2
784,c7e6 b1c1 b7a6 f1g2 a4a3
785,e8f7 g5h7 f8e8 c4c5 c6c5 e1e2
786,h5f3 a7d4 f3e3 d4b6 c7b7 h7d3 d7e5
787,h5f5 a1a2 e3h3 d4c6 h3c3 a2d2 d1e1 d2c2
788,b3b4 g2h1 f2f3 h8f8 b1a1 h1h2
789,d6b6 e4f3 h8g7 f3f2 b6b7 e3g5 b7f7
790,h7h6 e3h3 e7e6 d2e3 d7c6
791,a1a3 h7f7 a3b3 f7h7 b3b7 f6e5
792,c4c5 e8f8 d3d4 c8e8 b6a7
793,c6b7 b5d3 c7c6 e1e2 a8c8 d1c1
794,c6f6 g6h6 f6a6 g3e1 c7e6 h8c8 c3c2
795,g2f2 e6e8 c4b4 f5f4 b4b1 g5g4
796,a2a3 c7c6 b2c1 g8g4 h2h1 d8d4
797,a7a6 e6e7 d5c5 g7h6
798,a6a2 d2e2 a2e2 h2h3 f2f1r
799,f2e1 b4b2 b8b3 b2d2 b3b1 f6a6 h5f5 d2b2
800,e2f1 e4g4 f5e6 g4f4 f1g2 e7f8 h8e5 f4e5 g2g1
801,h4e7 g2h3 a3a2 e2c2 a2a1q f1e2 e5f5
802,e4f5 d3c1 a8a6 h8g8 a6a1 g8g1 e5e3 d6d5 a1a6
803,g8h7 a2a5 f5f4 c6c3 d7b7 a5a7 h7g7 g1h1 g7h6
804,h6c6 c3a3 c6h6 d4b3 h6h5
805,g6f7 b7e4 f7d5 b4b3 d5g8 f6e7 h2h3
806,b7d5 d3c3 d5a8 h4f6 e8f6 g4g5 d7e7 g3f4 c5c4
807,b5d4 d8d4 b4a5 b8a8 f1g2 c6d6
808,h2h1n g8h8 h6g5 h8f8 g6f6
809,c2e2 f4g3 a2a3 d5d4 e6h3 c7b7
810,g7g6 f2h2 c6c5 d2f3 g5f4 h2a2 h5h4 h1h2 g6f5
811,g8b3 d1d2 f5f8 e5f4 b3f7 d2e1 f7g8 e1e2
812,e1c3 f3g4 b6a5 g4e6 c3d4 f2f4 g8f8 h4f3
813,a3b2 a8c8 c3a4 b5b4 e4d2 c8c4 f1e2 c4c1 d2c4
814,c7e5 e1b1 c2e4 b1d1 f6f7 e7e6 h2g1 b7b4 f7f5
815,b1a3 b8a8 a4a5 b7a6 e1f2 b6b3 g1h1
816,c1e3 f2f1 d5f5 h7f5 e3h6 h3h4
817,c5c6 c8d7 e2f1 d7c6 b1c3 c6b5
818,g1h1 d8c7 h8h6 f8e8 h6h8 c8d7 h1g1
819,b4a5 c2d2 a5c5 g7g8 f1f2
820,e2e1r f2d1 e1g1 c7c8 a8b7 a6c5 b7a7
821,a3b4 g8c8 c4e4 b3b2 b4f8 a8a7
822,g2f4 h7h8 e7e8r g3g2 a7a8q g2g1n
823,d8b7 b2e5 e7d7 c4d5 e8e7 a3a4 h6h4
824,d3f1 c4e6 f1b1 a8e8 g3e2 e6a2
825,d2f4 e8e7 a1a3 g5f4 c2c4 f7f6 d1c2 d8a5 b1d2
826,g3g4 d8d7 g1e2 a8d8 f2g1 b7b6 c1b2 d8a8 g4f5
827,b8c7 b3b4 c6e5 g3f3 b7b6 f3f6 e5c6 h2h3
828,c2c4 c6d6 a4a5 f7f6 a3b5 d4f4 f5g6
829,c7d8 g1f2 g8f6 d2b1 c5d4 f1e2 f8g7 e8f6
830,h4g3 f2g1 d7d5 e5f7 d5e4 a2a4 g3f2 g1f2 e8f8
831,a6b8 h1f3 a8a4 e5e8 f8e8 d2c3
832,g1g3 a5a6 f3f4 a6a4 h3f1 c3c2 c5c6 a4a2 h2c2
833,a4a5 e5c4 b3a2 c7h7 h2g3
834,b3b4 a8a7 e1e2 h7h8 g4e6 d6e7 f1h3 d7e6
835,f5f8 c5c6 f8g8 d3d4 c3d4 f3b3 b8c7
836,e2e5 e8c8 f5d6 c8c1 b1b3 c1c7 b3b1
837,f2f3 g5c5 a1a2 g6g5 c8e6 d3b4 a2b2 c5d5
838,a6c4 d4c2 c6a5 e4f5 c4b5 c2d4 b5a6 d4f3 d8d6
839,h8e8 h1f1 e8h8 f1h1 h8h6
840,c4a2 c6c5 f4f5 h5e2 a2b3 h6h5 g6h4
841,d5d4 h6f7 b7e4 g3h2 b6b7 d8d7 g4g3 d7d6
842,g6f7 h1h2 a5a4 e1d2 f7e8 g4h5
843,h5h1 a7c6 a3b2 f7a7 b2d4 e8e2 d2c3
844,h6f7 c5b7 f8g8 g4e2 c3e2 c2b1 f7g5 b1c2
845,e7e8 h1h2 d5d4 f4d5 a6d3
846,f2f3 d8e7 e4e5 e6c8 d2b2 f8d7 g4h5 c8b7 c1d2
847,d5g8 e4f6 g8g6 e1d1 g6h7 g1g3 h7c2 d1c2
848,e6e5 h3h4 c8f5 c1d2 a6b4 a1b1 h7h8 f4d5
849,h8g8 h1b7 g7h8 b7g2 g8b8 f4g5 a5b4
850,h6h3 e8e5 d1f2 e5e6 h7g8 c1g5
851,e2c2 e6c5 c2c1 c5b3 a2g2
852,d6f7 g8g7 h8e8 g3f2 e8e5 f2g3 c6b7
853,f8g8 e3h6 e2c1 b4b3 f7c7
854,e4e3 b1b5 f4e4 b5e5 e4d3 g1h3 d3c4 f6g7
855,c3b2 f7g8 c1f4 b7b8 a1d1 c6e7 e1g3 a7b7 b2b1
856,e1g2 b6a6 g2h4 g4d1 a1d1 a6a2 b2b3 d6c6
857,a1c1 d8b7 b5c3 h6d2 c1g1 b7a5 g2h1 d2d4 f2e1
858,d1f3 f2e1 f3g2 a2a4 g2f1 e1f1
859,e6f4 c5b5 b2c2 b5c6 c1a3
860,
861,e4d4 g7d4 e8d8 d4b2 b5b4 b2f6
862,d5e4 a6b7 h2h3 a1a3 f8c5
863,c3e2 b2a1n f1e1 e7d7 e2g3
864,e3e4 a7a6 e4d3 c8f5 d3d2 g4e2 e1e2
865,d3f1 g3f3 c4b3 f3g4 b3d5 g4h4 d5a2
866,e3c2 d6c7 c1b2 b5b8 e2e1 b8b7
867,b2b3 d8d7 g2g3 g4h3 f1c4 d7c7
868,f8f5 d1b1 f5f6 g2e4 a8a7 b8f8
869,h8f7 c3a3 a1a2 a3b3 a2e2 e6f7 e2e4 b3b2 h1g1
870,g7f7 a6c4 f7e8 g2f2
871,h2h1 d1d2 f2g1 d8d7 h1h2
872,e1g1 b5a6 g1a1 a6a7 a1a2 h6f7 h1h2 a7c5 h2g2
873,d4d5 f7g6 e2b5 d8b8 b5c4 f8g7 g2h4 g6f6 c4f1
874,e3d4 a5d8 b1c3 d8c7 h1g1 f7e7 g1h1 h8g8
875,g8f6 a1c1 f8g7 d8f7 c5e6
876,d4d3 h2c2 c6c4 h4h5 b6a4
877,f7e7 e2d1 c5c4 g4g5 e3d2 c3a3 e7e8
878,h6f4 e6b6 f4b8 b6a5 b8f4 a5c7 f4c7 e2f2
879,c7c5 e1d1 a3b1 f5e5 c2c3 g3h2 g8h8
880,c4c3 c2g2 h4g3 h2g3 e8g8 h3h2 d7e8 a5b6 e5f5
881,h2h1 a1d1 f4f7 a3d6 h1h4 d1c1
882,g1h3 b7d8 f5e4 d2a2 b1d3 d8c6 e4h7 f3f2 e1d1
883,h5h6 e5f7 e1d2 f7e5 g1a1 e5g4 c4c5 g4h6 c5c6
884,a8a6 b8a8 d5d4 c5d4 c7d5 d4e5
885,e8d7 b5b6 d7c6 c7d5 g8h8
886,e7e5 d5g8 h8h7 c1d2 c8d7 h4g5 e5d4 a1f1
887,d1d2 f5g5 d2d3 g5f6 a2a3 a4b3 h5d1 b4a3
888,b2e2 c1e1 d3d4 c5d4 b8d7 f8e8 e5d4
889,f6d7 h8g8 g4h5 f1c1 f4f8 g8f8 e6d8 f8g8 h2h3
890,b1a3 e7e5 b3c3 f6d5 c3d3 d5e3 d3e3
891,g1h3 f7f6 f5d7 e8f7 a3b2 h5h4 g4f5 c6c5
892,f4d6 h5h6 g1f3 b7a8 d6g3
893,c6d5 b5a7 h8g8 c1b2 g7g6 h2h1
894,g1f2 d8d7 d4c6 d1c2 c1d2 f7g6
895,b3b4 c6a5 c1e3 e7g5 a3a4 b7b6 b4c4 h8h6
896,a8a6 a3b2 a6c6 b2a3 a4c3 d1d2 c6c8 b1f1
897,f2e3 h2h3 a1c2 h3h8
898,d4g1 h2h3 g1c1 a4c3 e7e5
899,d6c4 b2c3 e7d6 d3d4 c4d2
900,c5f8 e6a6 f3d1 b5b6 b3b4
901,e7e5 f2e3 g6h5 b1a2 c7c5
902,e1e2 e4g5 b1f1 h6h5 e5e4 g5h3 b4b5 d8d7
903,c4c5 g8h6 e1e2 f6e6
904,c1a1 f6g6 c7d8 a8b8 c2d1 d7b6 d1a4 b4c3
905,h7g7 h3f2 e7e5 b2c1 g7h7 d3g3
906,e6b3 d1c1 g8f6 c1c6 b3b2
907,d8e7 f4d3 a8a6 d3c5 a6d6 a3c3 g7g6 e1d1
908,d7f8 a1b1 f8e6 a4a5 d8d5
909,f2c2 e7c6 f1e1 a7a6 a5a3 e8d7 e4d6
910,f7c7 b5e8 f3f4 e8b5 c7c6 b5e2
911,c1e3 c5c4 e6f7 g4d1 h3g4 a6c5 f7g8 d1c2 g7a7
912,a3c1 a2a4 a8c7 e1f2 d7d6 b6b4 b7b8 b4d4 f8g8
913,d6e5 b2b3 c8c7 h5h6 e5b2 e7g8 d7d6
914,e5c7 d7e6 c7e7 e6e7 f1b1 b4e1 a5d8 e7d7 c4c5
915,b3b4 a5b4 d3f1 c1b2 f1b5 a8a6
916,f8h6 h4g4 d2b3 c1e3 f6f5 d4f5
917,b8a6 a3c2 e7a3 c2b4 a6b8 h1g1 a7a6 d1h5
918,h6h5 b1d2 d8d7 e2f3 d7d6
919,a5c7 h5h6 c8d7 a1b2 f5f4 h6e6 c4c3 b2c2 d7e6
920,h3g2 d6d5 g5h4 c6a5 f3g1
921,c4d2 d6e6 f5f4 f1d1 d2b3 d1b1 b3d2 b1c1
922,g6g5 a7b5 h5g6 c1b2 a8c8 g1f2 d6d5
923,f4f5 f7g7 d6d7 g8e7 d3g3 g7g8 c1g5 e7c6
924,d7e7 h2e2 g8d8 e2d2 d8d7 d2b2 e3f1
925,d8g8 d1b1 f6f7 d3d4 b7c6
926,e8c8 c6d7 a2d2 d7c8 b5d4 f3g3 f7f8
927,b5a7 h8e8 c4e2 c8b7 g2f1 f2d1 g4g5 d8f6 a2a1
928,g7h8r f1d3 c2a2 a6c5 a2a1 a5b3 d1h5
929,d3f5 e8h8 h3h4 h8g8 a6f6 g8d8 g3f4 e5d5
930,f4f8 c2d3 g7c3 d2c3 f8f7 a1a2
931,e4f6 e2h5 f6d5 c6e5 e3a3 h5d1 h7g7 e5g4 a3a8
932,e1d2 g8h6 e3f4 a7a6 g5g6 d6c5 h1e1 h8e8
933,a1c1 c8c7 b7a6 e6c8 c1c2 h2h3 g1h3 g5e6
934,e1d2 c3e4 d2e3 c4b3 c2c3 e4d6 c1e1 d6b5 c3c4
935,b4c5 f6g6 c5d4 h6f8 f2e1 f8e7 d4c5 e7f8 c5a5
936,e1h4 a1b2 g5g4 c8g4 f8g6 b2c3
937,h7g8 d2d1 g8f8 d1e2 e8c8 a3c1 c8c7 e5h5
938,b8b6 g5g6 d4f3 c8a6 f3e5 b2a2 b6c6 f1e2
939,f3e2 g8e7 f1g2 a3a6 g2d5 a6b6 d2d3 b3b2
940,g8h8 g2g3 f5f4 h2h4 e7e5 c1b2
941,c3d3 b4c4 d3e3 c4b4 d1c3 c7f7
942,e3e4 b7a6 d2e2 a6b5 e2f2 b5f1
943,b4a5 b8a6 a3a4 c7c5 h4g5
944,e4d3 e2d3 d7c8 h5g6 b6e3
945,h1h3 c8b7 f2g2 e5g7
946,a7a5 e5f6 d8d7 f6g7 b8a8
947,a8b7 d5b6 a2b3 h3h2 e7d6 h6h7
948,d3d5 a6f6 d5d4 f6f5 d4d5 h7g5 d5e4 f5e5 e4f4
949,e3f4 a7a5 e2e4 e8e7 e1e2
950,c1d1 g4f5 f3h5 c7c5 h5g6 f5e6
951,d8c8 b2b3 h6f8 b3b4 c8d7
952,d1d2 g5f5 c5e7 d8a5 d2e2
953,f6d7 h6f7 c1d1 c6d7 d1e1 f7h6 c4d5 d6e7
954,g7h8 g5d8 c8d8 c1b2 a6c8 a3g3 h6a6
955,a2c4 g8d8 e2e4 c6e4 d3e2 g7h7
956,f1e2 c5c7 g3g4 d3b4 g4g5 b4a6 h2g4 a6b8
957,a8a7 b7b5 c1g5 c5f8 c2a2 b4b3
958,b5f1 c6d5 d2d3 b6b5 d3c3 d5c4
959,d4e3 d2d1 e3g5 b4a4 d7c7 d5d6 c7b6
960,c8d8 e1f1 h6g6 c6c5 d8d7 b1b2 f6e8 f1f5
961,h7h6 a1a3 h3g2 c2b2 a4a3
962,b2a3 c8c5 a6a8 b7a8 a3c5
963,f4d3 h6h5 c1d1 g7h7 e4f6 h7g7 e6f7
964,b6b4 c7d7 b4b5 d4c3 a3b2 c3c2
965,d5e6 g5g7 b7a8 b2b4 a6a7 e4g3 e6d6
966,d8c7 a2a4 h8g7 d7f6 f8g8
967,b8d8 e2d3 a6c4 d3e3 a8h1 g1f3 e8e7
968,a4a2 h3f3 d4e4 f3f4 e4e3 h8h6 g4f4 h6h1 a6c8
969,f1f2 b6g6 f2e1 f4f3 e1d1 d4d7 d1c1 f3e4
970,d3b5 h1h3 b1e1 h3h4 d2d1 h4h3 b5d3
971,d4b5 b3b4 a8a7 c1b2 e8e7 a3a4 h8e8 b2d4
972,f3f4 f7f6 f1h3 c5d6 h1c1
973,d5c6 b1d2 c6b6 d8e8 a6c8 g1f1 e3g3 e8e7
974,d8a8 h5h1 g7h6 b6b7 h8f8
975,f3f4 c6c5 c2c3 e7e6 g2d5 b4b3 a1c1
976,h3h5 g3g1 h2e5 g1g3 h5g4 d7e8 b4b8 e8d7
977,d4g1 b8d8 g1d4 g7e8 f1e3 e8d6 d4e5 a6c7
978,h1g3 c3d5 h3g1 d7a4 h2h1 e8d7
979,f5e4 f3e4 c8b7 f2c2 c7f4 e4f4 b7a8 c2c1 g6g5
980,c7d8 e6e4 c5a6 g5g6 c6c5 e3f4 a6c7
981,d3f5 c6b5 c3b2 g8h8 b2c3 d8e8 c3e1 h7h5
982,d4f2 g3d6 a2a1 g1g2 a1b2 h4h5 b2b4 d6g3 f2e1
983,g3h5 d8e8 f1c4 e8g8 f6h4 g8h8
984,f1g2 f8e8 d5b3 h7f8 g2h1 f8e6
985,b2b4 c6c5 g3g5 a5b4 c2a3 b6a6 g5g2 d7e6
986,e3e5 e2d4 b3a3 h8h7 e5f6 f8d6 h1b1 d6c7
987,f6e6 h2h3 e7c6 c2a3 e6d6 a3c4 d6d5 a2c2 h7h6
988,f7b7 e6h6 h7h6 f1h3 h1e4 f2g4
989,c6c5 d3g3 e1g3 d2e3 c5d5 g2f3
990,e4d6 a6a5 d6f7 f6e7 e6b6 c2a1
991,c3c1 d4g7 f7e7 e1f1 a6c5 d3b1 b5b4
992,a6a5 f4g2 f7d5 f2e1 g7h8 g4a4
993,g8h6 a3b1 e8f8 d1c2 h6f5 g5e6 h7h5
994,g4g6 e7d8 f3e1 g8g7 b2b4 c6c5 g6g4
995,d8g8 c1b1 b2c2 b6d7 g7e5
996,h7h5 a1c1 a8a6 d2d3
997,c3c5 g5h7 c5b5 d3d4 b5c5 d2d1 c5c4 d1d2 c4c1
998,e3e6 c8e7 b1c3 f7f5 c5b6
999,c6h1 a1d1 d3f2 f1f2 a7a6 e1g1 c8d8 g1g2
1000,e5e4 b3b2 e4d4 c1d2 c6d8 f4e6 d8e6 a2a4
1001,c3b4 a7c5 e4c4 h2h1n b7g2 a8c8 c1b1
1002,b6b5 h7d7 b5c6 g6f4 b4b3 d7g7 c5c4
1003,a7b8 g1g2 d5d6 g2h3 d6c5 a6a7 c8a7
1004,c4d3 g7h7 g3g4 e8b5 g4f5 h7h5 e3g4
1005,e2e4 b8a6 d2d3 b5c4 c1d2
1006,e1a5 c6c4 d7f6 c4e4 d3e4 g7h8 f6h7 b8d8
1007,f5f3 b7b5 f3g3 e3f5 g3e5 a7a6 b1a3
1008,h8f8 a2b1 e5f5 g5f5 f8e8 c2d4 h7h8
1009,h3f4 d6e4 f7g8 f8g7 f4d5
1010,d7d6 c4b6 h5h4 b6c4 h6f7
1011,d7b8 a5a4 c2c4 d5d4 d1b3
1012,d3g3 a8b7 b1b2 b7h1 g3e5 b8b6 e5g7 f8e8 h2d2
1013,c4c5 h4h2 e2e3 b8c6 d2e2
1014,h7b7 h3g3 d4e3 c1a1 f8g7
1015,e4d5 d2b4 b3b4 e2d1 e8d6 f1f2 b4e4 d1b3
1016,d6d5 b4b5 d3c2 d1e2 a6b5 b6a7
1017,e1g3 g8b8 g2h2 b8g8
1018,b2b4 h6h5 f1g2 h8h7 c1a3 f8g7
1019,e2d3 c8f5 h7h1 c7a7 g1h3 f5h5 d3e2 h5f5 e2e1
1020,f4d6 a6a5 d6g3 f2g3 a8b7
1021,d1c1 h5g5 d7b8 e7c7 a3a4 f8e7 a2f2 c7d7
1022,g5e3 d7d8 d3c2 b8e5 c2b1 e5d6 e3d4
1023,h3h1 c6a6 h1c1 h4g2 a5b4 g3f3 c3b5
1024,g2h3 h6h5 f4f5 f8h6 a2a3 b7c5
1025,f6c6 c3c4 d5c4 f1d3 c6f6
1026,a1b2 c7g3 c2c1 b7a6 g4f2 e8e1 f2d1 e1d1 h1d1
1027,c8c7 f2f5 a6f1 f5f3 c7c2 h2g3 g7h8 f3f5 c2c3
1028,g7g6 c3c4 d8h4 g1f3 h4g5
1029,c4c5 g5f4 d2e1 b7b6 e1a5 e7g5 c5b6 g5h6 d3d4
1030,e4f2 b4c2 a3d6 d7a7 f2d1 a7h7 c8e6 h7f7
1031,b2b3 h5g3 d2b2 d8c8 a2b1
1032,g1f3 e8f7 d1h1 a7a5 h2g2 f7e7
1033,c4f1 g3g4 a3c5 g1e3 c5f8 e3d4 f8c5 h4h3 f1d3
1034,c6c5 d4c5 e7e8 c2d1 e8e7
1035,g2h3 c2d2 d3g6 b2a3 f3e3
1036,f4f5 h5h4 g3h3 f6f7 c2c6 e8e7 d4d5
1037,a7a5 d2e2 f8f6 f1c1 e7e6 c1c8 a5b5 c8e8
1038,g1f3 g4f3 g2f3 e7f6 a6a7 c6c7 a1e1 h3h8
1039,d7d6 e3d5 b5c4 c1h6 c4c7 h6e3 c7b6 b3b5
1040,b3a5 b5b4 b1c1 h6f5 a6b6 f5e3 b6b4
1041,e7f6 b5c7 e8f8 h4f5 c3d2 e1d2 c6b4
1042,f7g6 e1a5 f5f4 g5f6 c5c4 b2b6 h6f5 a1c1
1043,
1044,a3c1 f4e6 g7g6 b3b4 c1b2 e6c5 e7c7 f3g2
1045,c5f2 c2c6 f2b6 e8f7 f1h3
1046,d6e7 a1a2 f4h4 b6g1 b7b5 g1c5 e7f6
1047,b2d3 d7e7 d3e5 e7e8 d5d7 a6a5 d7a7
1048,b6b5 d3d2 h8h7 e2e3 h7h8 d2c3
1049,b7e7 f5e4 e6g4 h7f6 g4g3 b2a1 e8g8 e4d4
1050,a7a8 d4b6 d7d5 g2g4 f6e7 b6a7 c7c6 a7b6
1051,b7e7 d3d4 e8c6 d1c1 e7c7 g6e7
1052,f1h3 b5c6 c2a3 a8a6 b2a1 e5c5
1053,d6e7 f1e1 f4f3 g2g3
1054,f1b5 d6e5 b1d1 d2b1 f3e3
1055,c2c3 h6f7 e2f3 e6e5 f3e4 f5e4 g3g4
1056,c7e7 c4a2 g3f3 f2g2 f3f1 g1e2 f1e1 e2c1
1057,a1a2 e8d8 b6d7 d8e7 a4b5 c6d5
1058,d5f5 e2f3 f5e5 a3b5 g8f8
1059,c7d7 d2b4 e1c3 b4c5 c3d2 c5c3 g7h7 a7c6 d7c8
1060,a7a8 a3c1 d4d3 c1b2 e7c8 g6g4 d8e7 a2a4 d6c5
1061,c4b3 g2g1r d1e2 h8g7 h4d8 a7b7 b1b2 b7b4
1062,a2d5 b1f5 d4e5 f5e4 e5b2
1063,c1d2 f5f4 b2b3 g7e5 h1h3 e8f8 d2f4
1064,f3e4 d4c5 b8a8 c2b2 a5b3 b2b3
1065,e4g5 a5e5 g5e4 e6d4 e4d6 f8d8 f2f4
1066,a7a5 e3e4 h8h7 b2d3 b6b5 d2a5
1067,f6h6 d1d6 e6e5 d6f6 f7g8 c1c2 g8g1
1068,c1b1 b6b5 f3g5 f6d5 b1c2 g8h8 g5e6 d5f6 a4b6
1069,h3g5 h1f2 g5e6 c6b7 e6g5
1070,g2g6 b8b6 g6g7 b6d6 e2f1 b4c3
1071,
1072,a6a8 d7c6 d6f7 c6e8 h2e2 f8b4 e2d2 e8d8
1073,h2h4 a6b6 b5d4 e7d7 g1d1 a1c3 d4c6
1074,b7c6 d6a3 e2e1r h1h2 a7b7 h2g3 b7a7 d5d6 e1b1
1075,c3e2 a2b2 f4f5 c4c3 e2g1 h8h7 d1h5 e7e6 h5g6
1076,f5e6 f8d7 h8a8 d7f8 a8e8 h2a2
1077,e3c2 f6h5 d6d7 b5a5 a7b8 b2a2
1078,a1b1 b8d8 b4c6 e7g6 d4e5 a6b4
1079,e2d1 b3a2 e3f2 h8g7 b6c8 g7e5 f2f1q a2b1
1080,d7e8 e1c2 a6c6 b3c4 c6b5 a8b7 e7g7 b7f3
1081,a6b5 d1b2 d8c8 h2h1
1082,f8e7 a2b2 d2b3 f3g5 b3d2 h8g7 d2b1
1083,g5g8 g1f3 a3c2 c7c6 a5a7 f3g5 g8h8 h6g6 c1d2
1084,b1h7 h8f8 a1d4 d8b7 d4b6 f2e2 d1c1 e2g2 h7g6
1085,f4g6 d6d5 g6f8 c5c4 h2b2
1086,b1c1 f5d4 e2d4 c5d4 f4f5 f7d7 d1h1
1087,a5d8 f6g8 f1g1 g8f6 h2h3
1088,c3a1 c1c3 a8b7 c3c1 b7a6 f3g5 f7f5 g5f7
1089,a8b8 b4a4 b8b6 b2b4 g7g5 c1b2 e8e7
1090,c1d3 g5f7 a7a6 f7d6 c8d8 d6b5 g6h5
1091,d8d7 c2b3 f7f8 b3b1 d5c4
1092,e7f8 e3d2 b8a8 e6c8 a8c8 f4f5 f8g7 c5c6
1093,a5a6 h4e1 d2e1 e6e3 e1f2 h5h6 g2g3 f3g2
1094,e8d8 f4e6 d8e7 a1b1 f8h6 b3c1 e4e3
1095,d3d2 d1c1 d7f8 d6b8 d2a2 c1d1
1096,f4e2 b8a8 c1d1 c7c8 e5f6 a8a7
1097,f8c5 a2a3 h6f8 f3h2
1098,b2a3 g8g3 f4f5 e4f2 d1e2 f3f4 c6b8 f2e4
1099,f2e4 g4e4 e1d1 f8c5 h2d2 c7h7 a2a1
1100,b7c8 b2a3 c2a3 g4g5 a4c6 d1e1 a3c2
1101,b5a5 c7d6 d3b2 d6e5 d2e3 b7a8 a5a8 h8h7 a8b8
1102,h6h5 b2d4 e6e5 h1h2 e8e7 d4c3 a5a4
1103,f5e3 f4f6 c8c3 f6g6 b4b3 g6e4 e8d8 e4e7 d8c8
1104,h7f7 e8d7 a3b2 b8a6 f2g1 a7a8 e2f4
1105,b7b5 h1h2 c8e6 c1g5 h8h7 b1a3 e6h3 a4a5 b5b4
1106,c3b2 g1b6 e5d5 b6d4 d5c6 b5c6
1107,d4e5 b6b5 c5e7 h8d8 b7c6 c1c6 e7f8
1108,h3h2 c4d6 g6f7 e1f2 f7h5 a1e1 e7e6 d6e8 b5d3
1109,g3f3 g8h6 c4a6 h6f7
1110,e1d1 e5h2 c2c3 g8h6 a4b3 h6g8 g1f3 b8a6 f3d4
1111,g3e3 d6d7 e3a3 a2b1 a3a1
1112,e6e4 g2h1 e4f4 e2f4 c3b2
1113,b6a5 e7e6 b1b7 e6f5 g2g3 f5e4
1114,h2h1 f8e8 c4b5 h6f7 h1g1 e8e6 c1f4
1115,b1d1 f6f5 d1f1 c7c6 d2e3
1116,d8c7 a4d1 f8d8 h6h5 d8e8 g2h2 e4f2 d1b3 f2h3
1117,f7f5 c2e2 e6g6 f2e1 d6f6
1118,b7a6 h7h1 f6e8 h1f1 c8c4 a1d4 e4e3
1119,c3d5 f7f5 f2f3 g8e7 d5c3 e7g8 b6c4
1120,a1a5 g2g4 a5d5 c4d2 c8a6 d2c4 a6c8 c1d2 d5e5
1121,d8c8 e1f1 h6g6 h5h7 e6d8 g2h4 e7e8
1122,c6d7 a4b4 h3h2 b4b1 h1b1
1123,f6b6 d7e8 c1h1 g8g2 e5e6 g2g5 b3a2
1124,g5g7 d2a2 c3d2 a2d2 g7d7
1125,h7f8 c2h2 e4g2 c1b2 f7g6 c6c7
1126,b3a4 a8b8 h3h4 d6f6 e2e1 a7a6
1127,a3a4 d5b3 d1d2 f8c8 d2d3 c8c2 f3h1 c2c7 d3d4
1128,g3g4 e6e5 h1g1 c5b4 g1g2 b4d6 b1c3 c6d8 a2a4
1129,c7c6 e2e3 e5e4 h2h1 h8f8 d2c1 g6g5 d1c2 d8a5
1130,d2h6 e8f7 c1f4 b8d7 h6h4
1131,
1132,e2d2 e3g1 c2d1 h6h5 d2d5
1133,e4e5 h4g3 h2g3 g7g6 h1g1 e8e7
1134,e7c8 e3f4 c8b6 e1e5
1135,h1h2 c6b4 g1e2 b4c6 g4h3 b6d4
1136,d4d5 h4f4 h1f1 f7e7 e3a7 a8e8 a3c3 e8c8
1137,a5c7 c4c1
1138,e6e5 e2b5 e8e7 b5d3 e7d8 d3c4 h4h3 c4d3 f1h2
1139,h8h6 a1a6 g7e5 a6a7 e7a7 f1d2 b8c8 g2h1
1140,b7c8 g2h1 b8d7 g4h5 a4b4
1141,d3c4 d5c4 h4g5 b8e8 f1e1 h8h2
1142,f8h6 h3e6 e4e5 h2g2 f7e6
1143,h7h6 f6e4 f2e1 e4g3 c1a3 b8c6
1144,d1e2 g4h4 g1h1 e4c5 e2e6 h4e7
1145,c7b7 f3e4 g7h8 h1c1 f8g7 g5f7 h8h7 f4g5 c8g4
1146,d4f6 d3c2 f5g3 f2g3 f6h4
1147,a7a8 h4e7 a6a5 b4c5 b3c4 c6c7 a8b8
1148,f8h7 b1d3 g7f7 h1g2 h7g5 e5g5 a5a8 d3c4
1149,e5d5 f6e6 c8d8 b3a4 d5g5 e6e8 d8e8 a4d1
1150,c2b2 g7d7 f6h7 d6c7 e6e7
1151,b4a4 a6a7 e1f2 h5h4 c4d3 h7e7 d2f1 b7b5 a4d4
1152,h4g2 b7g2 b3g8 g2a8 g4g3 d1h5 h8h5
1153,g3f4 g2g6 f7e5 e8d8 f4e3 c5b4 e5d7
1154,h6h7 e4d2 d7c6 d2b1 h7g8 g6e8 c6d6 g2g8
1155,c1h1 f8e7 c2d1 e7d6 d5c4 g5e4 c4d3 d6e7
1156,g6h4 e2a2 h4g6 g7e8 g6h4 a2b2 h3h2
1157,d6h6 c7c4 g7g6 e4f5 h6h5
1158,h5f6 d5e4 d8e7 g1h1 c8g8
1159,d1d4 f5e6 f3h1 c7c6 a3a2
1160,b8b5 c3a3 a5c3 g3h4 b5d5 f1e3 c3e1 f2e1 a6c8
1161,e5e6 a6a5 g7g8n e7e8 e2e3 h4g5 e3d4
1162,e8d8 b2a3 c7c5 g5g2 a8c8
1163,d7a4 b8e5 h6h5 e5g7 a4b3 a3a4 c8e6
1164,b7d8 h2h1 c7b7 e4d3 d8e6 d3e4 a2c2
1165,f5f6 d7c6 a1a4 b6b5 a4a1 a8e8 c1e3 e8b8 e3f2
1166,c8d8 a5f5 a6a8 d3f1 c2c1r e1e2 c1c6 f5a5 g8f6
1167,h5g5 b3b4 d7c8 d1a4 e8f7 a3b5 f7e8
1168,g1b1 e2c1 e3e1 c1e2 a6d6 d7e8 c4e2
1169,d6d4 c7b8 d4d8 c6c7 b3b8 c7b8b
1170,b1d2 a8d8 c6e5 f3g2 c2c4
1171,g6c2 c1b2 c2b3 b2c1 g8e7 e1e2 b3b2
1172,e6c4 d6b4 c4e6 b4e7 e6d7
1173,g2g3 a5a4 d2d3 f6f5 f1h3
1174,a8a4 f4c7 e2f1 d2b2
1175,a6a5 g1h1 b6b5 e2f1 d7b6 a1a2
1176,h4e4 e6d8 e2c4 c5e5 b8d7 f6g7 e1f1 e5e6
1177,b4a3 b1b5 c5b6 b5b1 h7h5 d1c2 f8f7
1178,g5h6 a6b5 d3e4 f6f5 b1c1
1179,f1g1 g4h3 g1c1 d2c2 g8h6 c2f2 f7g8 f2c2
1180,g8h6 c1a3 e5e4 e1d1 f7g8 d2d3 f6f5
1181,h8h7 d5e7 f8g7 b1a1 g7h8 h2h3
1182,h2f3 g5h4 f2g2 e7e8 h1e1 h4e7 g6g7 g8h6
1183,e1f1 h8f8 e4e5 f6d7 f4h3 d8c8 d4c6
1184,g5h4 c6b7 f5f4 e2f3 h4f6 b7c8 a6a5
1185,e5d5 g8e7 d5f5 h8d8 g1h2 d7b8 f5d5
1186,b3b4 b8c8 e2g4 a5a4 e5c6 g7g6
1187,h3f4 c6c5 a2a3 e8e7 f4d3 c5c3 d3c5 b7b5
1188,g7g6 d3d1 e7e5 b1a1 e8f7 c3c4 f7f6 f1e2 h8h7
1189,d7e8 e7f8 e8f7 e2d1 f7f4
1190,d5c7 g1h3 b8c8 d2e1 e7d8 h2f1 c7a6 f1g3 h7h8
1191,c7d8 f4h3 d5e4 b7b8n g4h3 g2g3 f8e7
1192,a2b2 c5b4 d1f1 d7d6 f1e1 d8e8
1193,c4b4 b3f3 b4b2 f3f4 b2b5 a7a8
1194,d7e7 a8a7 c8a6 h8g7 a6c8 g7h6 c8d7 g1h3 h4f2
1195,d6f4 g2f2 a8a7 d2d3 e8e7 d1b3 e7f8
1196,d4f3 c8d6 b3e3 h7h6 g1e1
1197,h7g6 e8f8 g6f7 d6d5 f7g6 h8h7 g6f5
1198,h4c4 a2c4 a3b3 a7b8q a8a3 e2f1 e7g6 b8b6 b3b6
1199,b4b3 e1d1 a2b2 g2d5 f6e5 d5g2 d6e6 c4e6
1200,d2d4 g8h8 h1g1 e8d8 f4e2 h6h5 c1e3 f7f6 c2b4
1201,b1d2 c4b3 d2c4 b7c8 b8b4 c6c5 b4b3
1202,h1g1 c2c1 e5g4 a6e6 f1e2
1203,e4e5 b7g7 c5a3 g7b7 g4g5 b7d7 a3a2 f8g7
1204,d7e5 d4e5 a5a4 d3d2 g2h3 d5d6
1205,c4d3 b8a7 e7e6 c5d3 g7g6 h2h3 f7g7 c1d2
1206,d3d4 f5f4 f1d3 e5e4 d3e2 e7f7 e2c4 c1b3
1207,f3g4 b4a5 c7c6 f2f4 e8c8
1208,h5b5 d1d2 b5a5 h4h5 a5d5
1209,c6b6 a1c3 b8a7 c3a1 b7f3 e8a8
1210,b1c3 c6c5 d7h3 c5f5 c3a2 f5b5
1211,c7c6 g1e2 a8e8 g2f1 g8g3 e2f4 e8e7 b1a2
1212,g7g6 h1e1 g6h7 c1e3 g4g3 a4b6 h7h6 a3a4
1213,a3c2 a5b6 g3e5 g1h1 e5d6
1214,f2b2 g8g7 g3h5 g7h8 b2e2 h8g8 e1f1 c6d8 a2a4
1215,h8b8 c7c8 d2e3 a6b7 f1g2 c8c6
1216,h1g1 g4f3 g1g2 e7e6 b1d2 a8c8 d2b1 d8d6
1217,b5b4 e2e3 c3e5 h3f1 c8b7 g5h6 a8a5 h1g1
1218,d1e1 h6g6 c1b2 e7e5 e1e2 d4c3 e2e1 c8b7
1219,f1e3 c4c5 e3f5 d3f5 g4g3 h6e3 e8f8 g1b1
1220,g2g4 h6h7 c1b2 b8b7 e4c6 h7h6 f3d1 b7b8 b2e5
1221,g4h3 g5f6 h3h2 d1e1 d5d4 e1g1
1222,b7b8 a2a3 f6h5 h3h4 g8f8 g1h3 e8f6 g7g8b
1223,g6g7 d8a8 g7h8n g8f8 b2c2 a8b8
1224,h4g3 f6f5 g6f6 d8e8 d1d3
1225,d4d6 e7d6 h2h3 c7b7 e6g5 h8h7 g5e6
1226,d2c1 e5d4 h4h5 c8b7 h5h6 d4e5 c1f4 a1a2
1227,e8b5 f4f3 a2b2 c1c7 b2a1 c7c5 a1b2
1228,d4d3 e3f4 b5c4 c5a7 c7f7 a7b8 e8e7
1229,b1d2 h8h7 b3a2 b6b5 a1d1 h7g7 e2e4
1230,f2f3 c1h6 f8c5 h1g1 f3e4 c2c3
1231,d8c8 g4f3 c2e4 e2e4 f6e7 f3g2 d5e4 f4g6
1232,b3g3 g6f7 e2e3 b4d6 g3h4 c6a7
1233,c3c2 f6e6 e2c1 h4f4 b2d4 g5h3
1234,c4a2 c7c6 h3f2 d7e8 d2e1 a7a6 b2b3 h7f8 c2e2
1235,g5h3 b6c6 a1b1 g8e7 a2a3 c6c5
1236,a2b3 d1c1 h6h8 f3g5 e6d7 f2f8 c8a8 h1f1 b7d5
1237,b1c3 e7e6 f2g2 f7f5 a2a1 g8f6 g2h2 f6d5
1238,d2f3 h5h3 f3g1 d3d4 f1g2 h6g8 a1b2
1239,h5h6 b2a1 e2h5 e8e7 h3e3 a5a6
1240,c8f8 c3c6 g5d8 c6c5 d8c7
1241,f3d2 e7b4 e2f1 h6g5 d2e4
1242,d7d8 d1e1 h8h7 a2a4 c8e6 a1a3 f6d7
1243,d5d4 c3d4 f6g8 e2f2 f7f5
1244,a5b7 a1b2 c5d7 e2f2 c8d8 b2c1 h7g6
1245,d7d6 h4g5 d6d4 g3g4 h5g4 f3e3 f8f7 g2g4 d4g4
1246,g7g8r a4a2 d4e3 c2d3 e3d4 d3b1
1247,g3a3 a2b1 d2e1 b1a2 h1f1 f6f5
1248,g2g5 b5b4 f6h8 a5b6 h8e5 c2a4
1249,h6f7 h3h4 h8h6 f3d5 d8d7 d5c6
1250,a8c6 d7d6 b3a1 c4e4 g3g4 d2b2 d3d4
1251,h1b1 e2d2 b1f1 c3b1 c7c6
1252,b8d6 e8d8 h3g4 g8g7 a7b8
1253,f8g8 e6d4 c3c2 f4g6 h7e7 d4b3 a6b7
1254,e6e5 d1c1 d6b8 c4d5
1255,d2e1 b5b4 g1e3 c8f5 a3a4 h6h5
1256,g4e3 d1b3 d8d2 a2c2 g7f7 e5d5 d2c2 d5d7 e3g2
1257,g5f4 b5f5 f8e8 e1d1 e4e3
1258,c2d1 f2h2 b6a6 b5c5 d1h5
1259,e8d6 d2g5 a7a5 e2d1 d6e8 g5h6
1260,f6g6 e3e5 f7b7 e5e3 g6f6 f2f3 f6e7
1261,f7g8 e1d1 a7a6 e2e3 a6a7 b3b4 a8g2 c1a3 c7c5
1262,g1e2 a5b6 h3h4 d2f3 b3d3 b6c5 f6f7 d5d4 d3d1
1263,f7h5 c2b2 g7f6 e6g5 f6e7 a2a3 g8f6 c1e3
1264,g5h3 g6h7 c7c6 f5h3 c6c7 e6f7 h1d5
1265,f1e2 c3d4 h6f4 g8h8 h1g1 e3c4
1266,b7b5 c3d5 f4g2 e1d1 b8e5 d5c7 c5d4 a1b1 e5g3
1267,d2f1 f8e7 f1e3 d7e6 c2b1 e6d7 g2h3 d7c6 b1a2
1268,b6a6 g1e1 a6h6 g2h4 a1d4
1269,c3d2 h4h5 c5b3 e2g1 e4e1
1270,b4c3 f7f5 h5h6 a7a5 c3b4 d3c5 f3d2
1271,b2d4 c6d5 f2e4 f5g6 h5g4 g6h5 g4g3
1272,c5e3 f3g4 e3c5 e2e7 c7b8 e7e1 g7e8 g4e2
1273,b4d4 g3g5 b6a5 h5h7 d4d6
1274,f7g7 h1h3 d8e8 e2c4 e8f7
1275,e2b2 d8c7 c6b5 g5g2 a1b3 a4a3 b5c4 a8b8 b3a5
1276,e2d3 b6b5 h5g6 g8g7 b2e5
1277,c5f2 h5f5 b5a6 d3d4 a7b7
1278,b8d8 d7d8 h2h1 b2d3 g2b7 d3c5 h3f3 f2g3 f6g7
1279,h2h1 c7b7 c2c3 d7d6 c3f6 a8a7
1280,f8d6 g4g6 b8c6 f2g3 d6c7 g6g5 d8c8
1281,e6g4 g1g2 g4h5 h3e6 c6d4 e6f7
1282,d2b1 e3f1 f6g4 f1g3 f4f5 g7g5
1283,d7d6 e2f4 f5h5 e1d1 d4a4 h3h4 e5f4
1284,e8d8 g3h4 h8h5 e1e2 d5e4 c1b1
1285,g2g3 a6c6 g1e2 a5a4 e4e5 d8b6 h1h2
1286,c1b1 e4e5 b1a1 d8d7 f3g1
1287,e8e7 h1g1 h7f8 g1f2 e7f6 f2e3
1288,b1c3 e7d6 g5f7 f8g7 c2b1 d7b5 c4b5 d6a3 a1a3
1289,b1b2 f4e4 b2h2 e4e3 h7h8 g8f8 h2c2 f8e8
1290,h8d8 f1a1 a3b4 c6h1 d8g8
1291,f5f4 d3f5 d6c6 h1c1 b6b5 f5e6 d7d6 h4h5 c8e6
1292,h3f5 d8e7 c6c7 e7f6 f5h7
1293,g7f6 b3b1 d4d3 b1b8 c6b8
1294,f6g5 f1d1 d7c6 d1e1 b8d7 c2c4 d7f8 a3b5 g8h7
1295,c4b4 e2f3 b4b6 d7c8 b6b7
1296,b2b1 d7c6 f1g2 a6a5 c4c5 c6f3 c5c6 a5b4
1297,g5f3 e1d1 h3h5 c1g5 h5h1 f2d3 h7h8 c4b5
1298,a2a4 g3f3 f4e4 a6c8 d7c8b f3c3 c8b7
1299,b3b4 g4g3 e4d4 g7g6 b1f1
1300,d7e6 b1d2 e6f7 g1e2 f7g6 a5a4 f5e6 h1h2 b7b6
1301,h3g3 g1h1 g3b8 a6b7 g6f5
1302,f6h4 d7g4 b1a1 g4h5 a1e1 h5g4
1303,f7f6 d3b1 a8a7 g5g6 g3g6 f2g4 f6g7 g4e3 b2c3
1304,e7e5 b5d6 e8e7 b2e5 c7c5 e5c3 d8e8
1305,h8h7 d1c2 g8h6 g1h1 d7d6
1306,d2d1 e8f8 c2c3 h6h8 c3c4 f2d4
1307,f2f1 c7g7 b7b8 g8f7 e5d4 g6g5 d4c3
1308,g2f1 g8f8 b2c1 d7b6 b1a1
1309,a8a6 d1c1 b8d7 h1g1
1310,b1c3 e5e4 h6f8 e4f3 e2f1 e8d7 d3d4
1311,d7f7 g7d4 f1d1 g8f7 f3e5 f7g7 g2g3
1312,g2g4 g7g5 h2f4 c7c6 f4d6 c8c7 e2c4
1313,d8d7 e3f4 c6a5 f4g3 c5g1
1314,b2b3 d8d7 b1a3 b5b4 a1b1 d7a4 f1g2 e7e5 g8g4
1315,f7g7 a3b1 f6f5 b2c1 g2h3 f1g2 b7b1
1316,a8e8 h2h3 f7g7 c1d2 g7h6 e3e4 b7d5 e4e5
1317,d8c8 c1b1 c6b5 e5c4 c8d8 b1a1 d8b8
1318,h2h3 c7c5 b3f3 f7d7 f3d3 h7g7 h3g4 g7f8 d3g3
1319,a6a7 b8a7 h5g3 c1e2 g3e2
1320,g2f2 f8e7 h2g2 e7f8 f2f3 f8e7
1321,
1322,b2d2 e4d3 h1g1 h8h7 d2e2
1323,e7c5 g3g4 c8e6 c3c2 g8e8 h1f1
1324,b7b5 e1d1 e8e7 d1c2 d7d6 f4g5
1325,h1g2 f6g5 g2h3 g5f4 c1b2
1326,c5d3 e6c4 d3b2 f2f1b h6b6 f7f8 b6g6 c8c7 b3c2
1327,d1h1 a3b1 a4a2 e5e6 e7g5 g2f2 c3a4 d2e1 a4b6
1328,a1a2 d7d6 f6g5 h7f7 a2f2 a3c5
1329,f3f6 e5f6 f2f4 d8e8 a1b1 b6b5 d1c2
1330,f5g6 h2h1 g4g3 g2f3 h7g7 e2f1 a7b7
1331,e3d3 b5b1 d3e3 b1b4
1332,c6c7 f1f2 e5f4 a4a5 b6c5 g2g4 c5d4
1333,a2b3 h7h6 c1e3 h8d8 c7e7 d8c8
1334,b4a5 g8e7 h1g2 c7b7 h4h5 d8a8 h3h4 h8h6 h2h3
1335,b7e4 e1d2 d4c3 b4c3 e6f7
1336,b3c4 a7b7 c4b3 a1a8 h3h1 c5d4 h1h4
1337,f8f6 h3f3 c4e2 d1e1 f6f5 e4e2
1338,g4h3 c1d2 b5a4 h1f1 g8e7 a1a3 f4g3 c2e1
1339,f4f5 g4g3 e2g1 h6e3 f1b1
1340,b1b3 g6g5 f1f2 f8e7 f7g5 e4d3
1341,h2g4 b1b6 h5g6 a2f2 a6a8 b6b3
1342,d6d5 d3c2 b6b5 c2d1 e8d8 f2f3
1343,a8a7 f4c1 e8f8 e1d1 d4f5
1344,d3c4 e7e1 f2g4 h1d5 c4c5 d5f7 f4c7 f7d5
1345,e7e6 d1e1 h8h6 a2a1 f3d4
1346,c7c5 f5f4 f8e7 f4f3 b8b7
1347,f2f4 b6b5 h1g2 g5h4 e4e5
1348,f5f6 c6c5 d2f1 b6d5 b5b6
1349,f5f6 d6e5 f1f2 e5b2
1350,f7h5 f8g7 d4e5 c5d6 f6f1 d6a6
1351,b5b6 c8e6 f4f5 g6f7 g2h4
1352,d8e8 c4e6 a6c8 d4e5 d6e5 e6c4 b8c6 h5g6
1353,e2c4 h8h7 d1b1 e6e8 g1e2
1354,g6f8 f7e8 e3e4 g8h6 g1e1 c6c5 e1h1 h6f5
1355,a2c1 b8c8 g2d2 e7d6 g1h3
1356,f7e7 a2b1 f5g4 e3g5 g4h3 e5e6 d6b5
1357,b5a4 h8b2 g8f7 b2h8 e4e3 h8c3
1358,b8f8 f6f1 f8g8 f1f6 d6d5 g1f1 a6a5
1359,e2e3 e6e5 c1d1 a7a6 f4g5
1360,h7h6 f6h7 a5a7 e2c4 c6b6
1361,g4e2 e1f2 h4h5 b4c2 e2d3 c2a1 a8b8 f2e2 h5h6
1362,f3h4 e3d1 g3g4 c2a3 d5c6 a7a5 c6b5
1363,a7a2 g1h1 a2g2 h1g2 c7d6 g2f2 d6e6 f2g1 b3b2
1364,a4c3 h6h7 h5f5 f1g2 c3a4 h7g8b
1365,g5g1 c4b6 c5f8 c8b7 f8a3
1366,b4b5 h8h6 g3c7 d8c8 c7a5
1367,e2f1 f4g5 c4b3 f7d5 b3a2 d5b7
1368,f2g3 g4e2 f8d6 d7d6 g3h2 g5h4 b5b6
1369,b1e4 b2a1 b7b6 h6h8 e4h7 d2e2 b6a5 e2d1
1370,e8e7 a2c2 f2h3 d2c1 e5e4 f4f5 g6g5
1371,c1d2 f8e7 a3a4 e7f8 h2h3 g8g3
1372,h6f7 b3h3 g5h5 a1e1 d2e1r
1373,g4e3 f4g4 b6b8 a8b8 e3c2 b8c7
1374,b3f3 b5b6 f3f7 f2f5
1375,g1g2 a5a6 e7g8 h6g7 d2c2 a6a8 g2d2 a8a7 c2b2
1376,d7d8 d5d6 b8a8 f1c4 d8e8
1377,d8c8 a1c1 d3f5 d2b3 h8g8 e2e4 g6g5
1378,h4d4 e6e5 d3c5 h6h5 d4c4
1379,g2f2 c2e4 b4a5 e4c6 f2e2 c6g2
1380,c4d5 c8d8 d5c4 e3d4 c1d2
1381,e7e6 e4e5 d7b8 c3d5 a7d7 d5c3 g4h5 a4b5 d7c7
1382,a5a8 f4f6 g8e6 f6f8 c8b7
1383,f2e1 f5h4 f1h3 b2e2 e1e2 d7a4 e2e1 h4f5 d5d6
1384,h3g5 a2c3 h1c1 b6c7 c1d1 f7f5 g4f5 c3d1 f2g3
1385,d2b1 h6h4 f2f4 b7h7 c2a1 d6d7 h3f1
1386,
1387,h1g1 c2b3 g5e3 e6d5 e3f2 f8d6 g1f1
1388,b6d5 e4d5 d7e6 d5b7 g4h4 b7c6 e8f8 c6f3 f8e8
1389,e8f8 c4c5 e5e4 f2f4 d4c3
1390,e1c3 f1f8 h4h5 d4c3 c2c1 g7h6 c1e1
1391,e2e1 d7d8 e1e2 a8c8 g1h3 d8g5 d3d1 h7h6 d1d2
1392,c7d6 d1e2 d6b6 e2d1 b6c6 b2b4 c5c4 h1f1
1393,f5h3 d8d1 a3a6 d1h1 a6a8 h1g1 h3d7
1394,f6f4 g3e2 f4f6 g2g3 a8b8 b4c4 e6e7
1395,d5d4 a3f8 g4g5 f5f6 h6h5 b7d8 c8g4 e3d4
1396,b1e1 a6a8 f4d2 d5c6 e1f1 a2b4 f1f4
1397,d8a8 f2g1 h8h7 g1f2 a8e4 a5c5 e4f4 f2g2
1398,d4d3 g2h3 a8a7 e2c2 a7b8 e6f7 b8a8
1399,f7f6 f4f5 e7b7 b1a2 d8a8 d2c1 h5h4 g3e2
1400,h8d8 e2f2 a1a3 b5b6 a3b4 h1h5 d6d7 h5b5 b4d2
1401,d1c1 f8g7 c3d5 a6a8 c1b1
1402,d8c8 f2f4 b8b6 f4f5 h8h6
1403,e1f2 c3b2 d7e5 e7a7 c6a7 e4h1 a7b5 c4e3
1404,a1h1 d7c5 f6e6 g8f8 h8h7 f4c7 e6f7
1405,g8f8 d3f3 d6e6 f3b3 d8c7 g1f3 c7d8 f3e5
1406,e4e5 c3a1 a3b4 a5b4 h7g5 a8c8 e3d3 e7g6 h1h2
1407,g5f6 a6a4 d7a7 b8a6 a7f7 e6e8
1408,d3f1 f6f5 a3b3 e4e3 b3d3 e7b7 d3e3
1409,f7f6 h1g1 g4f3 d4d3 f5g5 g3g4 c5d7 d3b3 a6a8
1410,c8f5 c7c6 e3e4 d8e8 f4g5 b3d4 g5g6 d4f3 e1f1
1411,e5g4 h2h1 b3d3 d1c1 d3c3 c4c3 c7d6
1412,e2d1 b7b6 f3h2 g5g6 a1a6 g6g4 f1e2 f6e5 e2g4
1413,d2e4 c8d8 b2b6 d8a8 e4d6
1414,e1d1 g1f3 d1d2 b1b6 d2d8 g8g7 d8c8 f7e8
1415,e4e3 d2b3 d4d5 g7d7 f5d7 h6f8 c7d8 b5a6
1416,h3g3 g7a7 g5h6 a7d7 g3g2
1417,d8e8 d2e3 g6g5 a2a3 c7c5 g1h3 e8a8 e2d1
1418,h1h2 b7g2 b5f1 g2h3
1419,f1a6 f8e8 g1d1 e6f5 d1d3 f5e4 a6c8 e4c6
1420,h8e8 a6b5 d7d8 b4e7 d8c8 a2a3 d4b5 d3d4
1421,d8b6 c2e3 e8f7 e3f1 b6d4 b3d1 d4b2 d2d3
1422,a8d8 c6c3 d8d6 g7g6 a2a3 e5f4 g4f5 g6f7 d6e6
1423,f1g1 e3e4 g1g2 e2c2 d1e2
1424,e5e4 c6e4 d7d8n a8d8 g1a1 e4b1 f2g2 d8d3 g2f2
1425,h3h6 g7h8 a3a5 f6e6 h6h5 c8a6 h5h7 h8e5 d2c2
1426,b4b1 d6c7 c1c2 e5e7 c2a2 b8e8
1427,c1f4 d6c6 e2f2 b7a8 c4d5
1428,g4h4 e8d8 h4h6 d7g7 h1h2
1429,f6g5 f3g5 g8e7 d2f4 b5c4 f4f7 c4d4 f7f4
1430,f5f4 g6g7 c7c8 g7g8b c8e8 c3e4 g4f2 a3b4
1431,d7c5 d2d4 e8f8 c1f4 f8g8 e2f3
1432,e2e3 a8a7 f2f4 a7a8 b3b4 h6h5
1433,b1c1 e3d2 d1d2 d7b6 f2e4 a3a5 g5g4 a5a4
1434,b5b8 a8b8 e1e2 a6b7 a2a1 h7h6 f1h3 b8c8 c1e3
1435,d6e5 g5h6 e5c7 h3h1 g8h6 e4f6 f4e3
1436,b4a3 c6d7 d3e3 d5c4 a3a4
1437,a1d1 d8b6 f2e2 c8a8 e2d3
1438,b2c1 f6d7 c5d4 d6b4 g2f1 c6a7 c1f4 f8h8
1439,g5g6 b8b7 a4b6 a2h2 g3h2 e8e7
1440,g4b4 b1g6 b4h4 f2g2 h4e1 a3b3 h8h6 g6h7
1441,c3c4 b3b2 c4c5 g7g2 c5e7
1442,d2b3 g3c7 h5d1 c7c4 c2c4
1443,f1g2 b7b6 h1e1 e7c5 c1f4 c5d6 f4h6 c7c5
1444,c8f5 e2g4 f5d3 f6f7 g8e8 e1d1 d3b1
1445,c5c4 b1a3 e7c7 g4g5 c8a6
1446,a8d8 f7f4 d6e7 f4f1 d8b8 b4a3 a6a5 a3a2 b8e8
1447,h6g6 b5b6 f7g7 c6b7 f8a3
1448,f7c7 g4g5 c7a7 g5h4 a7h7 h4g5 c2d2 b8a7
1449,h2g2 b1e4 a2c3 e4h7 c3a2 d6f8
1450,e6e3 c2c5 d4e2 g7f5 d6c5 f3h5 e3f3 g1a1 f3h3
1451,c3b5 f8g7 c2c3 f6g4 f3e5 d8f6 f2f3 g4h2
1452,d2b2 g3e4 f2f3 e6d5 c3e4
1453,
1454,f7h6 h4h5 d8c8 d1c1 b7a6
1455,b3b5 e6c4 e7d6 c5d6 a8e4 h4e1 b5g5
1456,f2e2 h7h6 h1h2 c6b8 d1e1 b8d7 e1f2 a8b8
1457,c2d1 a6a7 a2e2 a8d8 e7d8r a3c4 d8d5
1458,c6e8 f3h5 e8d7 a2a3 d7e8 h3f4 h6g5 a3a2 c8e6
1459,e2e3 f8f7 g1e2 a6a8 a5c5 f7g7 c2c3 a8b8 f3f4
1460,e7e8 f8h7 d7g4 d1e1 e8e7
1461,c3a1 a3b1 a2a4 f1f3 a4d4 d2b4 f4e4 f3e4
1462,a5a4 b3b4 d7e6 d3d4 h4g3
1463,f4h4 b3b4 e6e5 c1d2 g7f5 h6g7
1464,a8b7 d5d6 b2c2 h8h5 b6f2 d6b8
1465,e7e8 c4c5 e8d8 c5b6 c3b2 c2b2 b7g7
1466,e7f8 c1c5 f2g2 c5c1 e5e6
1467,d4h8 h2h1 b1e4 h1h2 e4h1 d1e2 h1f3 d5f4
1468,e7e6 h4h5 h7h6 c2d3 g7g6 d3d2 b6d6
1469,h7c7 f1g2 c7b7 d2f1 b7g2 b1a1 d6d5 e8e1
1470,e1f2 g7f7 e7e8n f7g6 d6d7 a6a7 d2e1 d1e2 b6a4
1471,f2f1 h8a8 a1c3 g4c8 d1e1
1472,f7g7 d7e8 b2a2 f4f3 c3d3 c8f5
1473,a4a7 g8f7 g1b6 h8f8 b6c7 h7h5 c7d6
1474,g3h2 b3d3 d6d7 d3d2 e6d6 d1e2 a8b6
1475,f4f3 c2c4 h5f7 b5a3 f7g7 d3e3
1476,c4c2 c5d4 f2g2 g7h7 c2c6 b5b4 e1d1
1477,d3d4 g8f6 g2h3 d6d8 e2e3 f6g8 d1a4 b8d7 c4c5
1478,a7b6 d4d5 f5g4 c2c3 f1h2 d1d2
1479,d8f7 a7e7 c4d5 g4f3 f7d8
1480,f7f8 d7d8r f8f7 e3e6 a5b6 c2c3 b7c6 e2f3 a8a7
1481,g2f1 h7h8 a1b3 f5g4 b3a1
1482,h6f4 c4c5 d7c8 c3b1 h4h3 b4b5 f7f5 b1d2
1483,e2f3 c6d4 f3e4 c3b2 b5d3 c7c5 a2b4 d4c2 g7f7
1484,h6g5 d2e1 h4h3 d3d4 d7d5
1485,e7e8 a1a5 e4g3 a5b5 g3f5 h6d2 h7h5 h1f1 e8d7
1486,f5e7 g3h2 e7f5 f8h8 h6f8
1487,f6d4 c7b8 d4h8 f8e7 f3d1
1488,a1a3 g5g4 h4h1 g4f3 h1e1 a8b8 b3b4
1489,f8d6 h1h3 e8e4 c5b6 d6c5 c4b3 d7f8 c2c4 d8c8
1490,a7b7 g7d4 b7e4 d4h8 e4d5 h8d4
1491,d3c4 f5f4 c4d5 h7h5 d1f1
1492,e2d3 h6g7 d3e2 c7b5 e1f1 f7f4 a1e1
1493,b8d7 f1g2 d7f8 c8d6 e8d8 b3b6 c5d4 d6b7 d8e7
1494,a3a1 d8h4 f2f1 f8e8 g2g3 d7f8 h2h3 g8g7
1495,f4e5 a8d8 d4c4 h3h4 e5f6
1496,b5c5 d7b8 c5c4 g5e7 e4c6
1497,c3b4 e8g7 b4c3 e5f4 e3f2 c4d5
1498,d1a1 c8a8 g6f7 g5e3 d4e5 d8c8 f7f8 c8c7 a1a3
1499,d7d6 h1g1 b4a6 g2f3 d6e6 c3g7 h8b8 g1g2
1500,f2c5 d8c8 c5a3 e4c5 g1b1 c8d7
1501,f1e2 d4c6 a2a1 g5h4 f6e5 a8a7 e5h2 h4d8
1502,b7c7 e5e4 c7e7 c8e6 a3a4 h4h2
1503,f1g1 b5b4 c2f2 c8c7 f2c2 e4e3 g7g8n c7b8
1504,c1b1 c5b5 b1a1 d3b4 a2c2 b5a5
1505,f7f8 d3c4 c5b4 c2c3 f8g8
1506,d2d3 b6a5 d3a6 h5h4 b2a1 d4f3 f2f3 e8f7 a6d3
1507,h1g1 f7e8 a5c7 b4a3 c7c6 e8g6 c6d6 h8g7
1508,h6g5 c3c2 g5h6 d3e2 e8e7 c2c4 f7f6 d5d8 b8d7
1509,g5g4 c1d2 f6g5 h4f3 a5a4
1510,f8b8 g4g3 b8e8 c4d5 e8c8 d5a2 d3f2 a2c2 f2g4
1511,e8f8 f4f3 f7f6 b1d2 h6g4 d2b3
1512,d7b8 d3f4 f8f7 c1e3 g8e8 e5e6
1513,c4e5 f6g7 e5g4 f2e2 d5d3 g7d4
1514,d5c3 d7d6 d1d2 d8d7 c3e4 f6g5
1515,b1c3 a5c3 b2c3 e7g8 e5e6 a6b8
1516,e1d1 e3f3 d1e2 a8a7 h8c3
1517,a2a3 d7d5 b2c1 d5d8 g1e2 d8f8 e2g1
1518,a4a1 g5g4 h4f2 c5d4 f2e3
1519,h3h2 b8d8 e7f7 d1b2 h2h1q f1e2 h1h2 f4e3
1520,g5h3 e3e4 c1f4 e4e6 h3f2
1521,h6g5 e2d4 a8a7 d4e2 d7e8 g2f3 h7h6 h4h5 f5f4
1522,d4b6 g8f7 f2f3 a4b5 b6d4
1523,e2e3 e7c6 a2a4 h6h5 c1a3 c6a7 h4h5 e4d3 h5e5
1524,a4a5 a7c7 h6c6 g8e7 e3e4 e8f8 a5a6 f3f2
1525,g3h4 e7e5 d3b3 g6g7 h2h3 g7f8 b3b5
1526,d3e3 g8f6 e3e2 a5c5 c4a5 b4b2
1527,f8g8 c2d3 g7f6 a2a3
1528,g6h8 b3b4 f8g8 a1b2 b5b6 f7g5 d6f8 h3h4
1529,g3c3 e6g4 b2a3 h3f3 c3f3 e7e6
1530,g4h2 a3b4 b7e4 c3f6 d7b7 e1d2
1531,h1e1 a8d8 g3g4 d8e8 a2b2
1532,c3f6 a3c3 d1c3 d2c3 e7e6 h2h4 d7d5
1533,g5h4 e3d1 h6g7 b2b3 d4a7 d1c3
1534,e7h4 b3a3 e4f2 c1b2 b5b4
1535,h5g5 f4g5 c2b1b f5e5 c8d7 e1d3 f6d5 e5f5 h8e5
1536,e1b1 b7b5 g4d1 c7d6 g3g4 e6e3 h3h2
1537,c5d3 e6d6 e7d6 c6e4 b6b8 e4a8
1538,d8e8 g4h3 e6e5 h3f5 g8f6 h1g1 h5h4
1539,c7c6 a3b4 h7h6 c4c5 h8h7 a4b5 f7f5 c3d5 a6a7
1540,f2f1 g6g2 d2e3 d5e4 c3a1 c6a5 f1d1 a2g8
1541,b7a7 e6e7 d5b4 h1g2 b4c2 c3h8 a7a2 h4f3
1542,f2e3 c8e8 e3f2 e8d8 c3b4 a5a4 d2c4 f7e8 d1c2
1543,d8c7 f4g5 a6a7 e1d2 e7e5 g5f6 g8f6 h1h4
1544,f4e5 a2a7 h1h2 d7c8 h2b2 c8h3
1545,e7a7 d3c1 a2b2 h7h5 g6h5 b6b5 d2c1 e4e3
1546,h4h5 f8e7 g2f1 e6f5 f3h2 c2e4 c3c4
1547,h1h6 g6e6 c3c4 f2b6 h7g8r e6e8 h6f6
1548,c8e8 g1f1 d7d6 b1d1 c6c5 f1g2
1549,e3g1 g5g8 d6c6 g8f8 h7h6 d4g1 c6f6
1550,c7c5 c2c3 d8e7 f3h4 e8d8 b2b3 g5h4 a2a4
1551,f2f3 c5e4 g2g3 c7b8 b6f2 h6h5 f3f4
1552,f3a8 g6f8 a8d5 b4a5 d5e4 a5b6
1553,f6g8 h4h5 a8a4 d2d4 d8d7 e2e3
1554,d2f2 c5c7 f7d5 g4g3 c3c7 e7e8 c7c6
1555,h3h2 a8a4 g1e2 e8d8 h2h1 a4b4 b1d1 f7f5
1556,b8d7 a6b6 g8g6 h6h7 g6g7 h7g7 a7a8q
1557,d4d5 f8f7 c1c3 a5c6 h3g3 c6a5 g4g5 g7g6 b6b7
1558,b6b7 g6f4 f2f3 f7g6 d2c1 f4e6 g3e5
1559,g5g4 c3b5 f7g8 b5c3 d4c3 c1h6 b8d6
1560,g2d2 b5b6 e4g6 b6b2
1561,a5b6 c2b2 g6e8 e5d5 b6e3 d5b5 e3d3
1562,e8d7 b1a3 a6b8 a1a2 d7d6 d1b1 b7c6 b1c2
1563,g3g4 e8e7 e1d3 a8b8 a2a3 f6e6 h1e1 e7d8
1564,e2f2 h7h6 f4f5 c5a7 h4e4 h8h7 f3d1
1565,e1d1 e7e6 f6d8 c8d8 f4c1 h6g7 c3b5 e8e7 g1h3
1566,f6f5 h1h2 f3f2 h2g3 e4h1 c1d2 g7b2
1567,d7c7 g3g1 d6e5 c2b3 f7e8 d3e1 h8f8 f1g2
1568,f2f4 b5d6 d1b1 g5f4 b1f1 c8e8
1569,d1c2 d6e6 f1g2 e6e7 a3b1 d8d7 e2e3 d7d5
1570,c8b8 c1f4 h8e5 c4a3 g4d1 a4c6 d8c6
1571,f5g3 a1a2 a6a5 b3d1 g3h1 d1f3
1572,h1g1 f6c3 b2b5 c3b2 d2f3 d8d5 f3g5 g3g2
1573,b2e5 a2c1 e3a3 c1e2 g6f5 d7e8
1574,g3f3 e6d7 g2g4 g8f6 c3d3 c6d5 f3f4 h5h4
1575,e5f6 c5e7 f1c1 e7c5 f4f5 c8d7 h2h1 d7c7 e2e5
1576,b5a3 c8g4 f2d4 c6c5 d4d5 g4c8 d5d3 c5b4
1577,f6f5 e1d1 g1e1 d2e1 g7g5
1578,h4h3 g7g6 d2b1 b8c6 h3h4 c6b4
1579,e5e6 b6g1 b1e1 h6g5 b3c5 f5e4 d3c2
1580,b7b6 g6g4 f7g5 g4f5 f8f6 f5f1 e3c4 d2c3 f6g6
1581,f4e3 c8c7 e4e5 g8g3 e3f4
1582,b4a6 a1a2 f8e8 d5d7 e8f8 d7e8 f8e8 h2h3
1583,
1584,f8h8 d2e2 e8d8 e2b5 f6g6 e3e4 f5e4 d1d2 g6h7
1585,b2b3 a4a5 b3b4 f6g8 f8e7
1586,b7b6 a3a1 b6c5 c1b1 c5a7 g2f1 h6g5 f1g2 d1f3
1587,e8f8 d6d7 e1d1 c8b6 f8c8 d7d6
1588,d1c2 e7f8 b3b4 h6g6 f3e2 a6a8 g2g3 e5e4 g1f3
1589,c8g4 f6e4 g4h4 c6b5 h4f6 c7c6 f6e5
1590,e7e5 f1d1 b7d7 h3g2 e5e4
1591,b7b4 a4b6 g2g3 a8b7 b4b3 b6c4 b3b2 f7g8
1592,c7b5 c3b5 b8c7 d1e2 e8d8 f1f2 d7c6 e1d1
1593,d5f3 g3g8 g2f2 g8g2
1594,c5c1 f3e4 c1d1 e4h1 f1g1 g7f8 e2g4 f6g5 b4b5
1595,g1g3 a4a3 f6g8 e5g3 f1e2 c1f4 e2a6 a5b5 e6e7
1596,e6f6 b5a6 f6f7 b1a3 g3h5 a6b7 h5f6
1597,f6h5 e6f7 d5f4 f7c4 c8b8 c4d4 c5d4 d7e6 d8e8
1598,f8c5 h2g2 a6b6 g5h6 g7g5 a7a6 a4a6 g2g3
1599,a8b8 e3f4 g5h4 f2e2 d8c7 e2a2 c7d8 e4e5
1600,g5g4 b4c5 g4f4 b3c1 f3b3 c1d3 f4f3
1601,f8g7 d2e1 h6h5 b3b4 c8e6 a2c1 g7h6 c1d3
1602,b4b2 a6a7 d2f1 f7g7 b2b4 b5a4 g1g2 b8c8 b4b7
1603,e2f3 f1h2 a3a4 d7c8 f3h1 h5g4 h1e4 d8e7
1604,d5f7 b2b1 a6b8 f4e5 c4c3 d4c5 a7a5 e5f6
1605,h6g7 c5c6 e7c6 d7d8r c6e5 d8b8 g7f8 e1e5
1606,d7c6 c5d4 b6b7 b1c1 b7d7 a2a3 d7c7 f1h3
1607,c1e3 a7c6 b2c1 d4e3 a2c2 g6e5 g1f3
1608,g8f7 e3b3 e2e8 g1f3 e8e4 c6e4 f6e5
1609,c5d4 d5b7 d4b2 b3b4 b5a3 a1c1
1610,b2a1 b1c3 h7g6 f1g2 g6g7 c3a2 g8f7
1611,b7a6 c7f7 e6e5 e3d3 h7f8 c2a3 b8d8 d4e5
1612,a3c5 c2c1 d5d4 e2e4 h7f6 h1e1 b5b4 b1c3 b8d7
1613,b6b4 d4e3 b3a5 e5d4
1614,h6f7 e5e8 c8c7 g2e2 f8d6 e8h8 c7b7
1615,f7f8 d7e8 h4h5 g5e7 d5f6 c8f5 c1c6
1616,f4e5 f7f6 f3f4 b6c6 e7d6 b7a6 d6d3 f6f5
1617,f4d5 b8a8 b7f7 f8f7 b5e2
1618,f1d3 d1c1 h7h6 c1c5 h6h8 d5d6 h8h7 b3d2
1619,e8c6 d1c1 b7b6 f3f4 f8g7
1620,d8e7 f1g2 g8g7 g4f5 g5g4 c2c3
1621,g4g3 f1g2 c8f8 g2f1 a1e5 g1e2 d7d8 a3c4 e5c3
1622,e3e2 d6f4 h2h1 b5b7 f2f3 b7b5 f3e4 f4c7
1623,h6h5 a5b6 f8h6 e3f2 b5c5 b4c5
1624,c6b7 d7d5 e3a7 e7e3 a7e3 f8g7 e3a7
1625,h1g1 c8b8 g1c1 b7a8 e2f3 b1d2 f3e2
1626,f1b5 f5e6 b5a6 d7b6 g2g5 e6d7 g5e7
1627,b5a7 e7e5 c2c4 a6b8 h1h3 d7d6 f1g2 b7c8 g2c6
1628,h1f1 f6c6 e1c2 f4f5 c2a1
1629,h7g7 b1a3 b7c8 d3d8 c8b7
1630,d1e1 f6d5 a1a3 d5b6 d8e6 a4c5 f4f5 a7a6
1631,d3e4 c8f8 h5h6 b3c3 g2f2 f8g8 b4b5 g8a8
1632,f8b4 e1e2 f6h5 c4d5 g6g5 g4h4 e5e4 h4g4 h5f4
1633,f7h6 a2a3 e4f5 b1d2 f5e6
1634,f8h6 h7h6 c6e8 g1h1 e8b5 d4c3 b5c4 a7c6 a1a8
1635,h4e1 b1d3 h5h4 c4c5 b7e4 d3a6
1636,b4b5 a7a8 b2a1 d3c4 a1b2 e3e2
1637,b4b6 a4b4 b6b4 g3g4 b4b6 f2f3 b6a5 g5h6 a5b4
1638,b4c3 g6g4 c2d1 g4g3 b3b4 f2g4 h2h3
1639,e3g4 g1b1 b2a3 c4c7 d5d6
1640,h7b7 e1g1 a3a8 g1c1 g5e3 c2d3 b7b3
1641,g4h4 e7g6 h4g4 c7b6 c6b5
1642,e8f8 h3g3 g8e7 d2b3 b8a6
1643,e5g7 h5e2 c2e2 a8a7 h3h1 c7c5 g2g4 e7d6
1644,b8c6 h1h4 b5a4 d1a4 d6d5 h4e4 c8a6 e2d3
1645,d1c1 d8e7 h2h1 b8a6 a3b5 g4g3 b5c3 h6g8 c1d2
1646,b1a1 f6e5 a2d5 g7g4 d5a2 g4f4
1647,b3c2 e3a7 c2b1 h8d8 b4c4
1648,e4c3 c6g6 c3e4 h8g8 a2a4
1649,
1650,g3g4 c8b7 g1f3 b4c6 f3g1 e7e6 b2a3 c6a7
1651,a6a5 d1d2 a5e5 f8d7 c6b4 c4d6 f7g6 h1h2
1652,b2b5 d6b8 c6c5 e8d8 c5g5 b8e5 b1d3 e5f6
1653,d5d7 c4c3 f1f4 f7f8 h3g3 c6c5
1654,f1d1 d5c5 d8c8 c5b5 f7e7
1655,a8d8 e3e4 d8d4 c1b2 f6f5
1656,d8a5 c5b5 a6b5 b2b3 a5a3
1657,f3e2 f6f8 e2f3 d7b5
1658,f7d6 b2b4 d6e4 d2d5 g7g8
1659,
1660,
1661,d8e7 h7g8 e4e3 b1a3 c2a4 d1a4 e7f8
1662,c8d8 c2d3 b1b4 b6a8 g6g5 h2g4 b4g4 a8b6 g4f4
1663,c3f3 f8c5 f6e4 d5e4 c4b6 d8e7
1664,g7e5 f2f3 e5g3 g2g3 h6h5 g3g1 b6b5 b1a3
1665,b8a7 b3b1 a7g1 b1b6 h4f5 b6b4 f4e4 b4b5
1666,f7f6 d1b3 c7c5 e1d1 e8f7 b3h3 e7e5
1667,g6h8 e6e2 d1c1 e2h2 d2d4
1668,h3h4 e6h3 c2d2 h3h2
1669,h4h3 e2c1 d6e5 c1b3 d5d4 a2a1b
1670,b8a7 e4e2 g5g3 d7e7 g3h3 e2e4
1671,b4b5 e8b5 a2a4 b2c2 f1g1 c2c1
1672,f3f4 c8h3 e2d2 h3f5 g1f3 g6g4
1673,f8d8 b1c1 b7b5 f2g1 c8b8 b3d4 b8b7
1674,c1b2 e7e8 g1f3 d7b5 b4c4
1675,b2d2 c1d2 c7c5 f3f4 b5b4
1676,c3d5 h7g6 g1f1 g5h4 e1d1 c8e6
1677,g7f7 b2a2 h4h3 a2b2 d6f8 f4f5 d7b7 b2a2
1678,c6c8 g2e1 g8f8 a4a5
1679,h2c2 b5c4 b4b5 c8a8 d1d2 d7d5 d3d4 e7e8 c2b1
1680,g7g6 c2c4 e7c6 h3f1 c6a5 d1c1 f8e7 e1d2 d5c4
1681,e3d2 d4a4 h2f1 a4d4 b1a3 g5f4 d1c2 e5e4
1682,g6h7 f2g2 c7d7 a4b3 g7f8 d1f3 d5e4 h1h2
1683,d2c1 h7h8 f4f5 a6b7 g1h2
1684,g1e3 e6b6 e3e4 e8d7 b3c1 b6a6 c1b3 d8b8
1685,a2a1 e8e7 d2c1 h5f6 c1c5 e7f7 a1e1 c8d8
1686,e6f5 f3c3 f5g4 c6d6 e4c5
1687,a1b1 g7f8 b1a1 b7f3 a1a3 e5c7 d3d4
1688,c1h6 f8g8 h6h8 g8f7 h2h7 e4h7 a6b6 f7g6
1689,f2f3 e8f8 d3e5 f8e8 h7e7
1690,g7e7 a1b1 e7e5 b1a1 d1e1 c1g5 e5e6
1691,e5b5 b1a1 b8a6 f3f4 b5a4
1692,h7g7 h1c1 d2c1q b3b4 g5h4 e8c8
1693,c2d1 g3a3 f2g2 e7e8 d6d8 a3f3 d1d2 e8d8
1694,f7f6 d4d5 f8c5 g2h2 f6f5 h2g2 d7d6
1695,d8d5 f7e8 d5a5 f6f5 h1h6 b8g3 c4b6 e8e7 f2f4
1696,c7c6 a1a2 b6c5 f1g2 d1f2 a2d2 a8a6 f3g1 a6a7
1697,e6f5 a2b2 f7g6 d1c1
1698,a3b1 e4g5 b1d2 c6b8 b2c1 d7d5
1699,c2b1 b4b3 c4c5 c6a5 h1g2 e7d5 g2f3
1700,d7c8 b2b1 a8a6 f2h1 c8c7 a4b5 h7h6 b1c1 c7b7
1701,g1h3 f7f5 d1b1 b7b6 h4h5
1702,d3e4 b7b6 c1f4 h6f7 f4g5 e8d7 a1d1 c7e8
1703,e4f6 a4b3 f4f5 g7g6 f5g6 d6e7 d4e5 h5h4 g6h7
1704,d1c2 a6b4 e2f3 f2h1 d2d3
1705,a8b8 f2f4 b5a3 c1a1 e6d6 f1b5 c7c6 g1g2
1706,a3b5 c2a1 d2e3 a1c2 g8f7 c5c7 f1g2 c7c4 f7g6
1707,d5e6 d7e8 a4a5 g6h5 e4e3 e7g6 b2c3
1708,g7g6 c3a5 g6c2 f4d5 h6g7 h3g4
1709,g4g3 f2f3 e8f8 b1a1 f8e8 f1g1 c7c3
1710,g7d4 b5a6 g4f2 g1e2 g5e7 e1f1
1711,g4g6 b7c7 f1e1 e5e4 d1d4 c7b7 e1f2
1712,h8g8 h5f7 f6f4 h4h5 g8g6
1713,d7d6 c3b5 d6e6 e3e2 d8e8 f3e5 e7d6 b5d6
1714,f1g2 f4d3 h1e1 b8c7 e1e2 c7b6 e2e3
1715,g1h2 f4g3 a1a2 b3e6 f1h3 b7b8 e1d1 a7a6
1716,a3b1 f8f6 g4e5 c4b3 a1a2 b3b2
1717,a2a3 f5g4 a1a2 e7e5 d3d4
1718,g1f1 f2d3 d5f5 c7c4 b7a5 d3e1 a5b7 h3h2
1719,e3d1 a7a6 d1e3 a4d1 e3f1 c5e4 f7f3 a6a4
1720,d6b4 g7g8 f1f2 f6g5 b4c3 e4d3 f2g2 e8d8
1721,f5h6 f2d1 d8c7 c4b6 c7a7 d2d3
1722,c4b5 c6b5 g5f6 b5c6 c1b2 c6d5 h4g4
1723,a3b4 d4d6 h4c4 a2a1 c4g4 d6d8 e8d8 g5h6 b4a5
1724,a8a5 c5c6 e7c5 a3b2 c4a6 b2d4 a6d3 d4e5 a4b3
1725,c8f5 g5g4 b8g8 e1g3 f5c8 e5h8
1726,e3d2 b6c5 f1f3 a7a5 e4d5 c5d6
1727,b1a3 f6g5 h4g5 d7d4 g5h6 g6g5 f2f3 b8c6 h1h3
1728,h3e3 d3e3 c7b8 a8b7 f8h6 h2h3 b3c2 f2h4
1729,d4c2 c6d8 c2b4 f7f6 d2f3 f6g6
1730,e7d8 f2g2 c8b7 c2g6 h5h2 g2g1 c5c4 g6f6
1731,f4e6 c3a2 a8a7 d2c1 e8f8
1732,b7a5 f1h3 g4g2 e6c6 a5b7 f2f3 b7d6
1733,h1h3 f5f4 f1g2 c6c5 c4d5 f4e3
1734,e2d3 c2d3 a8c8 g5f6 b7b4 f6g7
1735,b4b3 b7b8q g8g7 b8b6 h7h6 a2b1 b2a3
1736,e3e2 h7g7 e2f2 h5e8 h3g2 h6h5 c1g5 e8f7 g5e3
1737,g1f3 f8h6 e1f1 e7g8 d2a5 d8g5 h1g1
1738,a6d6 c1c6 e3g4 c6c5 h8g8 f3f4 d6b6 b8d6
1739,a2b1 e7e8 d3d4 e4h1 d1g1
1740,c2a3 e6g7 a3b1 d2e2 b1d2 e1f3 d2f3 c1a3
1741,e1f1 b8a8 f5c8 h6g5 g1e2
1742,h1h3 d7h3 f1e1 h3f5 e4e6 f5e4 g6g7
1743,g7h8 f8h7 a5a4 e5e6 a4a3
1744,d3e2 d4c3 g3g4 d8b7 f1d1 c3d2
1745,b2b4 g5g4 e1e2 c5c4 d1e1
1746,d2d1 d7e6 c1b2 h3f1 d3c4 e6g4 h4f5 h7h5
1747,h4g5 f6e7 a4a5 g4h6 b7c8 h6g4 a3b5 f7h6
1748,e6f7 c2c1 e7e6 c1c2 e6e5
1749,g5h4 g4g5 e8d8 d6d1 d8d1 f1e2
1750,h4h8 c5b5 g1e2 b5c5 b2d4 c5d6 e2g1 g8f7 h8h5
1751,a1a3 g8f6 h5f5 d4d3 g2g4 f6e4 d2c1 f7f6 f5e6
1752,d1b2 b3c2 d3d2 c6b8 b2a4 h8f8 c1d1
1753,f5g3 c7d8 b8d8 d3b1
1754,b7c6 b5b4 c6e4 b4a4 e4f5 c5d4 e3e4 a4a5
1755,c5e3 c2c3 e8d6 c6a4 e3d2
1756,g3g2 c6e7 e3d2 c3c4 g5e7 c8d7 a6a5 d7c8
1757,b7b3 h8e8 e2e3 f4g3 c3c1 e7g8
1758,b3b7 a2b4 b7b5 c1b2 b5b8 f7b7
1759,d6e5 d2c3 c2b4 h1h2 e8f7 h2h1 a8d5 h1h2
1760,d5d1 b1d1 b7d8 g5f3 b6c5
1761,b8b4 c3c1 e6f7 f6e7 f7g8
1762,b1a3 g8e7 f1f2 h8g8
1763,d7d6 a7b8 c8f5 c1f1 h6h7 e8c8 b2b1n f1b1 f5c8
1764,a1a2 h8h7 c5b6 a7b6 c1a3 a8a6 a2a1 c7c6
1765,g3f2 d3h3 b6b3 d7d6 b1d3 d5c6
1766,a8b8 a7a8n c8b7 f1c4 f4f3 c4e2 b6c6 c2c4
1767,g8h8 f6e6 d3d4 a5b7 b5d6 h4h3 b4b5
1768,a3a4 e7e6 d3d1 a7b7 d1e1 b7c7
1769,g8h6 f3g5 f8g7 e1f2 g7c3
1770,h6e3 e5d6 e4f2 f3g5 b8c6 h1g1 f2e4 d6h2
1771,b6b7 d6g3 b7c8b g3h3 g2g3 a8a4 c8f5
1772,b5a6 f5e4 a6b7 c8a8 e1e2 a5d8 e2e1
1773,h1g1 g4h3 b8d7 c1h6 g1c5 h3g2 c5f2 g2h1
1774,h7h6 c2d3 b5c4 g8c4 g4g3
1775,a6a5 c3b5 a5a4 c1a3 d8d7 d5g2 g8f6
1776,h6f4 g1h3 d5c3 b1g1 f4c1
1777,b1c1 a8b8 g6g7 e5f4 b2b1 b8a8 g5h5 a6c5 c1g1
1778,d8e7 c3c4 a7a5 b5b6 e4g3 e1d1 a5a4 c1d2 h5h4
1779,e6e5 f3e1 f7c4 f1c4 d7d5
1780,d7h3 g1f3 b8d7 h1d1 b2b6 e5b8 h3g2 d1g1 b6h6
1781,f6e6 d2c2 h8b8 d4d5 e6e5 c4c5 e5d4 c2c1 b8h8
1782,h4h3 e2f1 d4d3 d2c3 e7f7 g4e6 g7e6 h6h7 g6g5
1783,b8a6 c7d6 e6h6 d6b6 a6b4
1784,e4f3 a7e7 e8e7 d3c2 e7d8 c2e4
1785,e1e2 b8a6 b1b2 d6f7 b2c1 d7d6 g2g4
1786,d6d5 e3e4 b3b4 e4d5 b4e4 h1g2
1787,c1a3 e1d1 e8e7 g5h7 e7e8 h7f6
1788,h1g1 c8c6 g1e1 c6d7 e1d1 d7e8 d2c3
1789,e2e3 e7f6 c2b3 h6g6 e3f3
1790,e7e4 c4e3 b8c6 g2g1 c6a7 e3d1 h6h5 f4f5
1791,f6d5 a1a2 d8a5 a2a4 e5d6 e4g6
1792,g7e5 b1b2 b4a2 g5g6 e8e7 b2c2 f5g4 g6e8 e7e8
1793,a4a6 d4d3 c2c1 d5c4 e2d3 c4d5 d3b3
1794,d3d4 b7c6 g1e2 d7c5 e2f4 e8e7 h3h4
1795,f6d8 d2d1 f4d3 d1e2 d3b2 c3d1 f2f1b e2f1
1796,g4e6 h8e8 a1b2 d4d3 b2b5 g7f6 f1g1 h4g4
1797,f4f3 d2c4 a3f8 a4a5 c6d7 a1a2
1798,b7a6 g5d5 b4c4 e2d1 a6b7 g1g3
1799,d8e8 a3b5 g6g5 e2e3 c3c2 g1d1 b8c6
1800,h8d8 f6f5 a6b6 e2c1 c6b8 f5f4 b6g6
1801,a4a5 d5c4 g7g6 c5e6 d3d4
1802,g5f4 b1g6 d5f6 d1d4 b5a4 g6h7
1803,h1h2 h4f6 c4b6 a7a6 b6a8
1804,a6b7 d6d5 b7c6 a4c6 d1d2
1805,h3g3 c6b5 e2b2 b5a4 g3e3 e4c3 d1c2 e8g8
1806,f2g3 g6c6 f1h3 c6c8 c5b6 h8f6 e5e6
1807,d8c8 c1b1 c8a8 b1b2
1808,b2a1b a4b3 g8f8 d7f6 a1c3 b3c4 c3d4 c4d3
1809,a2d2 h8d8 e5f5 d8d3 f5g5 g4h3 g5f5
1810,f7e7 b1a1 e7d7 e2e4 f8h6 c1b1 b8a8 f1c4
1811,d1d2 b3a3 e2f1 f5f4 f1g2
1812,b7f3 e7e4 b1d1 e4c2 e1f2 e3f3 d1h1
1813,e7d5 f8e8 b5b6 h7h8 c2c4 h8g7
1814,b1a1 f5g6 b3a3 b4a6 a1c1 e5c7 a2e2 c7c6
1815,f1g2 d6a3 c1e1 a3b3 a1a3
1816,f8h6 c3d3 e6c7 e5d5 h6g5 d5a5 c7d5
1817,d8b7 g3g4 c8a8 c7c8r f6f7 g2h3 e7e3
1818,b6b3 a3b3 c5d4 f4h6 g8f6 h3g2 f8a3 a1a2
1819,d8f8 a4a6 h6g7 a6a4 g7g6 c2c3 g1f2
1820,e7e8 g4g5 g6g7 g2h1
1821,d6e7 e8c7 g3g8 c4c5 g8h8 c7d5 e7f8 d5b6 b4a3
1822,f8e7 d1e1 e7c5 e1c1 e5f4 e3f2
1823,e2d1 f7f5 e3e4 g7g5 d2b3 g8e7 h5h3 c5b4 f1e1
1824,a2a3 c8b7 e3e2 b8a6 e2d2 c6c5
1825,e2d4 e6e5 d5f6 g7g5 e1f1 a5b5
1826,b8c6 b1a3 f7e8 a1e1 f1e1 a2c3 b4c3
1827,d8b8 g3h3 d4d3 e4e8 d7c7 e8f7 c7c8 b5b6
1828,f4e5 a3a4 h5h4 a4a5 c2c1n e2f1 e5b2 d2d3 b2g7
1829,h3h4 f8g7 e2d4 c5d6 g2h2 d6b4 f1b5
1830,d8g5 g6h7 c8a6 h7g7 c4c3 d4b5 a6c8 g7c3
1831,a5a6 c8a6 a1b3 a7b7 b3a5 d7d8
1832,d2g2 b5c5 g2b2 e7f8 b2f2 c5c4
1833,a2a7 c8b7 a7a1 b4e4 e3d2 f5f4 d3d4
1834,g4b4 b7a8 b4g4 a1h8 c1g5 g1g3 g4a4 f1d2
1835,e2e3 b3a2 f8d7 g8h6 b1a3 a2b1
1836,c8d7 c1d2 h8a1 e1g2 d7c8
1837,c1c7 f3f2 c7c2 e8d8 c2b2
1838,f8b4 a1a3 b4a3 f1c4 f7g6 b1a3
1839,f3e4 e8f7 b6b5 g7a1 e4h1 a1h8 c5c8 f8b4
1840,d5d6 g8g5 b2a3 g5c5 d6e6 c5c3 a8b8 b1c2 b8d6
1841,h5h4 b3d3 d8a8 g3e3 d7e8
1842,e6g5 e1f3 d2e3 b8b4 g2e2 d6e7 e2a2 f3e1
1843,h7g8 f1h1 b1d3 c3e1 a4a6 b6g6 g8h7
1844,a8b6 g3h3 c6b5 g6f4 e3c3 f3f2 c1c2
1845,c6c7 c8a8 c7c8b a8a7 c8b7
1846,c6c4 g3g1 h8b8 f1f2 c4c6 f2f1 b4b3 g5g6 a8a7
1847,d7h3 d8b6 e2f3 h6d6 f3e3 b6c6
1848,g8b3 g3e3 a6c8 e1f1 b3a3 e3e1 e5f4 f1e2 e4e3
1849,c7c6 a3b3 d3c2 b3b1 b4b3 f2f4 c2e4
1850,f2e2 d6c5 h1f2 c8a8 c2b1
1851,c5d7 b2a3 b6c6 g7f8 c4b3
1852,c3c2 g7f7 h2g3 b4f8 g3f4
1853,e1d1 b6b5 a4e4 e7f6 f3f4 g7f8
1854,d4e3 b8b6 e3e1 d8e8 g2g1 f8g7 h3g4 c1b3 e1h4
1855,c3a1 e1a1 f8e7 a1e1 e7d7 e1e3
1856,e8c8 c2e3 b7b5 e3g2 e5d6 c4b5 c8g8
1857,h1g1 d4b6 c4a5 c8b7 a1b1 b6f2
1858,a5b4 d5c4 e6d6 h3f5 h5h4 f5c8
1859,c5d4 e5b5 a8b7 f1d1 h7f8 g2h1 f8h7 h1c6
1860,g4g3 b4d3 c1b1 d3b4 f3e5 c8e6 e5g4
1861,e6e8 h2h1 e8d8 c2a2 c7b6 h1g2
1862,c5a3 e5c5 g8f6 c3d4 h7h8 f2c2 f6e8
1863,g2h1 c5e6 a1a2 e6g5 f4g5 c6c5 a2a1 d6d5
1864,f5h5 c8b8 h5c5 b8a8 g6d3 a8b8
1865,d7h3 b7e4 e1f1 a1c3 h3g2 h2h4 a5c7 d4f5 c7d6
1866,e5d7 b8b6 b1a3 g8h6
1867,e6e5 f2e1 h5h4 c8d8 e5f5 g1e2 d4a1
1868,d3d4 f6g4 f2g3 g6f6 h3g4 e3d2 c6e5
1869,f2e1 e4f3 c5c6 h3d7 e3e4 c7b7 e4e3 f7g7 e3e8
1870,h6h5 d2f1 f7g6 c1f4 g4h3 f4g5 f5c8 d3c2 e5e4
1871,a8c8 e3f2 c6g6 f5e4 g6g4 g2g3
1872,c2c4 e8d7 d8h4 c5b4 e4e5 d7c7 e2e4
1873,f7f6 g1g2 c1a1 g2h3 d6d5 h3g2 f6e6
1874,a1a5 g7g8 d4c6 e5d7 c6e7
1875,f3g1 f6f8 a1a4 c8h3 d5d6 h3d7 e1e2
1876,a8a7 b3b4 b7f3 b1b3 f8g7 b4b5 d8b8 c2c4 b8c8
1877,d3f3 b6d8 e2f2 d8e7 f2g2 e7a3 g2h3 h8g8 f3f4
1878,c7c8 c5e4 h1e4 f5e4 c8c3 e6e5 b7a7
1879,g4g5 a1e1 e8d8 c5b6 g5h6 c2e4
1880,h7h6 e4e5 c7d8 b6b5 d8b6 b5a6
1881,g7g6 b2b4 e8f7 g5h6 e4e3
1882,g4g7 f1e2 c5c4 b3c4 b8b6 h6b6 d3c5 e8f7 g7g4
1883,d1c1 d6d5 f1a6 b4c6 f3d2 c6d8
1884,e2e1 c4c3 f2h2 a8e8 h2h4
1885,f6e7 b5b6 e7h4 h6h7 c8b7 f3f1 b7c8 h7h8n e8g8
1886,h6f6 f7c4 d3c4 g3g4 b2b8
1887,d4c4 f3g2 f6g5 c1g1 a7a8 a3b4 c5b4
1888,c6a4 b2c3 f7e7 f5f6 e7e6
1889,d8c7 g2g3 h6f7 d4e3 a7c6 e7f5 f7d8
1890,e8f8 e2c3 c6b5 d4e2 g5g2 f1e1
1891,f4f2 c1d2 f2d2 c2d2 b8a8 g5g3 d8e8 d2e2
1892,e8f8 h2g4 h8h7 d5c4 g6g5 h3h4 f6a6
1893,d2e3 d8e8 f3d4 a3a4 d4b3 a4d4 c1b1 f6f8 e3d4
1894,f8f7 a1d1 g8g7 c4c5 g7h7
1895,h8h7 a3a4 g7g5 c6c5 h7g7 h4g5
1896,a3a2 h3g1 b8f8 g1e2 f8f7 d4c3
1897,a5c6 d3e2 a6a5 h2h1 h7h8
1898,f3e5 f7e6 e5d7 f8h6 d7b6
1899,a1a4 f8f7 a7c7 e3g2 e1e2 e5c7 d2c3 f6e7
1900,b5d7 a2d2 g7h8 g3g4 d7e6
1901,h1h2 c8e6 g2g4 e8f7 h2h5 e6c8
1902,f5h4 a5b4 d3c4 b7b6 h1d1 b4b3 h3g2 c7b7
1903,d7c6 e2d3 h3g2 h2h3 f8h6 d2e2 g2f1 e2d2
1904,g6g5 d3d4 e8d7 g4e5 f8g8 e5f7
1905,g1h3 d2c1 g4d7 c5c6
1906,f1d1 b7a7 b3c2 a7a6 c2b3 a6b7 b3c3 d5c4 b5c5
1907,e3d4 f2e2 e4c5 e2h2 d4e3 b2b7 d7d6 b7c7
1908,c4c5 g3g4 a6e2 g4h3 a4e8 c1a3 e2h5 h3h2 a5b5
1909,b2d2 e6d5 c1c2 d6e5 h1d5 e8d8 a2a3 d8a8
1910,b6c7 a4b4 g4f5 b4c4 a3a4
1911,c5c4 b3b4 c1c3 f3g5 c3b3
1912,f3d4 b8d8 d4c2 a4a7 f2f4 b6c5 c1a3 b5c6 c2a1
1913,c8g4 b1a1 g4h5 c5b7 d6e7 b7a5
1914,a4b3 c1c4 b3a2 f1e2 f7f5 g1h3 a2b1 f4e6
1915,c3e4 g5d8 a3a1 a6b4 a1a2 c4b3 a4a5
1916,h5h4 a2a3 d7b6 e2f2 a6b4 d1e1 d6d5 c3b1 b4c2
1917,d2c2 h5h4 g3g4 b7a7 f5d4 a7f7 b4c4
1918,d5d6 a6b7 c3b2 a7a5 b2d2
1919,a3f3 g8h8 f3a3 b4e7 a3c3
1920,e6d6 g2h3 b4a4 d7f8 d3c2 h2g4 g5f7 d2d4 a4a8
1921,a6c8 f5f8 e8f8 d4c3 d7h7 c3d2 h7e7
1922,a1h8 d6b6 h2f3 b6d6 f3d4 d6d4 e1d1 b7e7 c2a4
1923,g8g7 h2h3 b7f7 f4e4 f7f6 h8c8
1924,f6e8 e6e5 e8g7 b3c2 e1c2 d4g1 g7e8 f8h6
1925,h6h5 f3e3 f8c5 c1d2 c5d4
1926,d5d1 a7a6 f2f3 b5a4 c2b2
1927,e3c1 e8d8 f3e2 d7d5 c1f4 c7c5 f4g3
1928,b4c5 b3b4 a1b1 f1h1 c5b6 a2a4 b1b4 b8f4 f8c8
1929,a4a5 e4e5 b4a2 h3g2 e6e5 d4f5 a5d5 f5d4 d5d6
1930,c2a4 e7b7 c1e1 c5a7 e1e8
1931,d8e8 e4d5 g6f6 f2g1 f6f2
1932,e2c2 e8d8 h2g2 h6h3 g3g4
1933,d7f5 d8e8 h2h3 h8h7 a3b4 e4d5
1934,a5a2 d7e8 d2d1 c8c7 d1e1
1935,d6c5 h4h5 b7c7 f5e5 g8f6 e5g5 d7e8 d4f6
1936,f2f4 b8d8 g1g2 a7a6
1937,c8d8 g6e7 e3h3 h5h6 b8d7 b1c1 c3c2 c1b2
1938,d2e1 d8b8 h5g4 b7a6
1939,f5h4 a3a4 f8d7 h2g3 g2f3 a7b7 f3g2 b7c7
1940,b6d5 f1c1 g8h8 c2d1 h8e8 d4g1 g7f8 d1a4
1941,g7g6 a4b5 d7c8 h3h1 g8h6 h4h5 b8b7 e1e2 b7a7
1942,g6c6 e1f2 c6h6 e4e5 f3e2 g3g4 e2d2 g4h4 d2c3
1943,h8h7 e1f1 h4g3 d2c2 f6f5 f1g1
1944,b1b3 a8a6 b3b2 a6a5 f4g2 a5a6
1945,a5a4 e6b3 a4a6 c6b5 a6c6 e7c6 g3g4 a7a2
1946,a7d4 a2c3 h2e2 c2e2 d6b6
1947,d8f6 b1c1 c5c4 d2e3 f6g5
1948,e8b8 e1h1 a3c2 h1e1 b8c8 d4e5 c2e1 d3c3
1949,c5b4 b5a6 f5g4 f3g4 h8h6 g4h4 d7d6 e4d5
1950,c7a6 d7d4 e2f4 d3c2 a3d6
1951,a1f1 e5d3 d4d5 g8g7 c3c4 g6g5 f1a1
1952,d6e7 b6c5 e7d6 h3g2 d6e7 a6h6
1953,e1d2 e7e6 a8c6 h6g7 e2g4 d7b6 c6a8 a6a5 c1c3
1954,b1f5 g8g6 b6b3 f6c3 b3b5
1955,h1c6 g7g5 g1e2 g5g4 c6b7 a7b7 c1b2 e5g7
1956,g5g4 c3a4 e7c6 b2g7 c6a5 g7a1 b6b5 c2a2 f8g7
1957,e3g5 g4g1 c8b7 b3b4 g5e7 d1c1
1958,f3a8 h8g8 c5e6 c4d3 h2g1 d3c2
1959,e2d1 c7d8 c5d7 e5f4 d2c3 b5b4 d7e5
1960,g2g4 b8d7 f3d4 e7e5 d1d2 a6c8 a1a2 a7a5 d2c3
1961,b3b2 d8d7 g1e2 e5f4 e2g1 a8a6 g3f4 a6d6
1962,d4d7 c2d3 e2d2 c6d7 d2c3 g4h4
1963,d2d1 g1g2 d7f6 c3c4 d1c1 a3b4 a7b7
1964,e5c4 e7e8r c4b2 f3g2 a5a4 g5h6 c8b7 e8e7 d7c8
1965,g4g5 c6d4 d2c4 f6e4 g5h6 c8b7 c1e3 f7f5
1966,c8e6 e3a7 d6c6 a7b6 e6d5 g2g3 f1e1 b6c7 c6c7
1967,a5b5 f6f7 e7d7 f7d7 b5c6 d7c7 c6a6 c7d7
1968,b6b7 e6f7 c2c5 a7a8 b7b8b f7g7 e2e3 b4a6
1969,a7a6 a2a4 d5e5 d1e2 e5e2
1970,d8e7 f2f4 c5c4 h4h5 e5f4 e1d2
1971,e3c5 e7c8 h3g5 c8e7 g4e2 f1g2 h1h3 b7c8 a2d2
1972,f8c5 d4c5 e2c3 c5b6 e6e5 a5d5 c3a2 d5d7 e8f8
1973,a1b1 h7g6 b1b5 g5h6 e1f2 g2g1b f2g1 h6g5
1974,b3d3 d6e6 d3b3 h5g6 f3d1
1975,h6g4 b2b3 g7g6 f3g1 f8d6 b8a7 f6f5 e1d2 h8g8
1976,h2g4 h5h4 f2f4 d8e7 e1e2 e7e8 g4h2 b4a5 h2g4
1977,f7e6 e2f4 e6e5 h2h4 g4h6 c2c3 h6f5 c8a6 f8h8
1978,d2c1 e5g7 h6g7 b3b8 g8d8 h7f8
1979,g2g5 f7e8 g5e5 e8d8 e5f5 h6f8 h3g3
1980,b7d5 f7f6 h2h1 d4c3 a1a2 e7d8 d5a8 a6a5
1981,h6f8 d1e1 d7b8 c2c6 b5a5 c6g6
1982,f1h1 c7c5 c2e1 g7f5 a2d2
1983,g7g5 b2b3 d5f4 c7d5 f6e6 h4g4
1984,b7b8 b2a2 b8b4 d3c2 b4b1 c2c3
1985,g5f3 f8g7 e4g4 g8f6 g4g6
1986,e3g2 b7b6 e2e6 h7h8 e6e1 h8g8 e1b1 b6e6 b1f1
1987,f8c8 c4a6 e6d7 g1a1 c8c6 a1d1 h8g7
1988,g4f6 b2a3 d6c7 e2e3 c7d8 b1c1 e8f8 c3d5 a6c7
1989,f6g5 e4e3 g5e3 e8c7 b1a3
1990,f8e8 a1d1 e7h4 g1g4 e3c4
1991,e1e7 f4f3 a7a4 d8b7 a4a7 f3f2
1992,a8a2 g4g5 c8g4 g2f1 g4h5 d1h5 h8g8 a1a2
1993,c3a3 d6f8 h1h3 e6e5 b1d2 h8h6 a3a4 c7c5 h3h1
1994,e2e1 d6a6 f2e3 f7g8 e1e2 a6f6 h1e1
1995,h8h4 f3f2 d2f4 b2c1 e7f6 g1d1
1996,d4c6 h6g5 b1e1 a4a2 e2d1 h8g7 e1e8 g5d2 a1a2
1997,c3e4 f2f1 g7g5 a4b5 d7c6 a3e3 e4c5 e5e6 f8g7
1998,f1g1 h8h7 e1e4 b8b6 g2h4 d8f6 g1g5 h7g7
1999,f7f3 e1e2 f3f5 g2a8 f5g5 d1e1
